Regiao;Estado;Cod_Munic;Cod_escola;Localizacao;Dependencia_administrativa;TotalApr;TDI;DSU;ATU;AFD
Sul;SC;4200051;42044553;Urbana;Estadual;89,5;18,4;69,2;19;43,8
Sul;SC;4200051;42152755;Urbana;Estadual;100;27,3;78,45;16,5;33,3
Sul;SC;4200101;42086728;Urbana;Estadual;72,1;27,4;78,8;21,2;56,7
Sul;SC;4200101;42145511;Rural;Estadual;89,4;8,3;85,7;16;33,3
Sul;SC;4200101;42145520;Rural;Estadual;86,2;27,9;86,7;10,2;50
Sul;SC;4200101;42152500;Rural;Federal;87,2;12,5;100;13,3;92,9
Sul;SC;4200200;42023718;Urbana;Estadual;86,3;17,2;89,7;25,1;64
Sul;SC;4200309;42023513;Urbana;Estadual;87,6;17,9;91,2;19;60,4
Sul;SC;4200408;42042429;Urbana;Estadual;83,1;22,7;88,9;21,3;76,1
Sul;SC;4200408;42042445;Rural;Estadual;99,4;6,9;72,8;24,9;67,9
Sul;SC;4200507;42054575;Urbana;Estadual;83,9;22,7;88,9;18,1;61
Sul;SC;4200556;42057876;Urbana;Estadual;83;15,9;100;14,7;62,5
Sul;SC;4200606;42005159;Urbana;Estadual;94,5;15,2;76,5;17,5;66,7
Sul;SC;4200606;42005353;Urbana;Estadual;85,5;19;92,3;19,6;52,2
Sul;SC;4200705;42097720;Urbana;Estadual;84,6;17,5;82,8;21,9;62,8
Sul;SC;4200754;42049679;Urbana;Estadual;92,7;14,3;90,9;18,7;68,4
Sul;SC;4200804;42063302;Urbana;Estadual;85,5;17,9;95;23,1;54,8
Sul;SC;4200903;42004861;Rural;Estadual;92,5;17,4;91,7;23;76,3
Sul;SC;4200903;42004977;Urbana;Estadual;98,4;16,3;100;20,5;56,8
Sul;SC;4201000;42032202;Rural;Estadual;93,6;20,8;75;16;50
Sul;SC;4201000;42032601;Urbana;Estadual;84,9;15,5;91,3;23,7;66,7
Sul;SC;4201109;42005655;Urbana;Estadual;86,5;22,8;94,1;16,8;60,2
Sul;SC;4201208;42002893;Urbana;Estadual;91,2;15,8;100;32,5;51,5
Sul;SC;4201257;42017947;Urbana;Estadual;82,7;15,7;90,6;23,2;54,5
Sul;SC;4201273;42047722;Urbana;Estadual;89,9;9,5;81;24,7;43,3
Sul;SC;4201273;42048176;Urbana;Estadual;92,3;10,5;83,3;12,7;83,8
Sul;SC;4201307;42021480;Urbana;Estadual;78,6;20,1;91,3;23,2;57,1
Sul;SC;4201307;42021685;Urbana;Estadual;63,8;33,5;86,7;33,6;67,6
Sul;SC;4201307;42021707;Urbana;Federal;93,8;19,7;100;31,8;93,5
Sul;SC;4201307;42141940;Rural;Estadual;95,7;60,9;66,7;11,5;25
Sul;SC;4201307;42152690;Urbana;Estadual;90,5;24,6;86,5;35,9;58,6
Sul;SC;4201307;42223202;Rural;Privada;92,8;3,9;100;48,4;47,5
Sul;SC;4201406;42028736;Urbana;Privada;98,8;0;92,9;27,7;83,3
Sul;SC;4201406;42076420;Urbana;Privada;92,4;1,7;100;29,2;72,2
Sul;SC;4201406;42076447;Urbana;Estadual;87,7;18,6;100;24,9;48,3
Sul;SC;4201406;42076455;Urbana;Estadual;79,4;23,3;100;23,8;64,6
Sul;SC;4201406;42076463;Urbana;Estadual;86;15;98,2;25,5;66,1
Sul;SC;4201406;42076471;Urbana;Estadual;90,4;10;100;26,1;70,4
Sul;SC;4201406;42076579;Urbana;Estadual;76,1;36,2;96,3;28,6;64,7
Sul;SC;4201406;42111706;Urbana;Privada;92,2;5,2;100;25,7;79,1
Sul;SC;4201406;42238200;Urbana;Federal;93,3;13,2;100;29,6;5,2
Sul;SC;4201505;42008468;Urbana;Estadual;82,5;23;87,5;17,7;43,7
Sul;SC;4201604;42073219;Urbana;Estadual;79,5;24,7;83,3;14,2;71,8
Sul;SC;4201653;42050340;Urbana;Estadual;86,9;17,1;75;20,5;43,3
Sul;SC;4201703;42018307;Urbana;Estadual;75,4;16,9;93,1;21,8;50,6
Sul;SC;4201703;42018315;Urbana;Privada;99;1,9;100;34,7;85,7
Sul;SC;4201802;42095972;Urbana;Estadual;95,2;13,8;95;17,6;57,7
Sul;SC;4201901;42022894;Urbana;Estadual;83,3;17;95,5;23;70,9
Sul;SC;4201950;42076315;Urbana;Estadual;79,7;25,6;94,1;23,9;76,1
Sul;SC;4202008;42069971;Urbana;Estadual;77,6;16,1;100;27;88,1
Sul;SC;4202008;42070040;Urbana;Estadual;64,2;33,5;98,3;27,9;69,3
Sul;SC;4202008;42070066;Urbana;Estadual;74,3;28,5;100;24,6;76,5
Sul;SC;4202008;42070074;Urbana;Estadual;75,2;29,8;93,8;25,4;60
Sul;SC;4202008;42114012;Urbana;Privada;98,3;4,3;92;41,4;82,2
Sul;SC;4202008;42116295;Urbana;Privada;98,5;6,2;81,8;21,7;60
Sul;SC;4202008;42140285;Urbana;Privada;95,8;11,3;83,3;23,7;68,4
Sul;SC;4202008;42144329;Urbana;Privada;99,5;3,7;96,7;35,8;62,1
Sul;SC;4202008;42151775;Urbana;Privada;99,1;3,5;100;38;85,4
Sul;SC;4202008;42152674;Urbana;Estadual;63;23,4;89,2;37,2;61,6
Sul;SC;4202008;42153824;Urbana;Privada;96,4;2,8;87,2;51,8;60,1
Sul;SC;4202008;42359260;Urbana;Privada;97,1;6,5;92,6;24;65,2
Sul;SC;4202057;42021693;Urbana;Estadual;80,3;21;90,9;27,9;61,7
Sul;SC;4202073;42078814;Urbana;Estadual;67,1;36,3;100;25,8;52,2
Sul;SC;4202081;42060591;Urbana;Estadual;79,4;25,2;85,7;17,2;53,7
Sul;SC;4202099;42059810;Urbana;Estadual;91,9;5,3;84,6;12,7;82,1
Sul;SC;4202107;42022231;Urbana;Estadual;70,4;22,9;90,9;31,1;51,9
Sul;SC;4202107;42152712;Urbana;Estadual;77,6;16,7;87,5;32,9;65,4
Sul;SC;4202131;42089840;Urbana;Estadual;92,5;16,5;94,4;24,3;74,2
Sul;SC;4202156;42067812;Urbana;Estadual;89,3;14,3;92,3;14;77,1
Sul;SC;4202206;42019222;Urbana;Estadual;84,9;24,1;84,2;22,6;65,3
Sul;SC;4202206;42019630;Urbana;Estadual;89,4;14,6;78,6;23,9;54,8
Sul;SC;4202305;42002273;Urbana;Estadual;93,3;20,5;87,9;26,7;73,2
Sul;SC;4202305;42002443;Urbana;Estadual;80;28;96,7;28,9;74,4
Sul;SC;4202305;42002451;Urbana;Estadual;80,6;27,7;98,3;26,2;76,3
Sul;SC;4202305;42002460;Urbana;Estadual;85;27,8;96;26,7;67,6
Sul;SC;4202305;42002869;Urbana;Estadual;83,2;30,2;100;23,6;61,5
Sul;SC;4202305;42113350;Urbana;Privada;97,7;2,2;100;33,8;97,4
Sul;SC;4202305;42132983;Rural;Estadual;87,5;25;57,1;8;0
Sul;SC;4202305;42145058;Urbana;Privada;96,3;7,1;100;28,3;83
Sul;SC;4202305;42156459;Urbana;Privada;98,2;16,5;85,7;28,8;69,2
Sul;SC;4202305;42198607;Rural;Estadual;75;58,3;20;12;0
Sul;SC;4202404;42015405;Urbana;Estadual;78,1;27,9;83,3;31,3;60
Sul;SC;4202404;42015570;Urbana;Estadual;78,1;27,1;100;24,8;73,7
Sul;SC;4202404;42015588;Urbana;Privada;97,1;1,8;100;40;69,4
Sul;SC;4202404;42015693;Urbana;Estadual;65,3;33,2;95,3;31,2;71,1
Sul;SC;4202404;42015715;Urbana;Estadual;83,1;26,5;91,9;25,7;54,7
Sul;SC;4202404;42015758;Urbana;Estadual;84,9;21,6;97,6;31,1;71,3
Sul;SC;4202404;42015987;Urbana;Estadual;83,5;10,3;86,9;24,2;74,6
Sul;SC;4202404;42015995;Urbana;Estadual;91,7;14,2;92,3;23,7;81,7
Sul;SC;4202404;42016002;Urbana;Estadual;85,5;26,6;92,5;25,4;61
Sul;SC;4202404;42016126;Urbana;Estadual;91,2;24;96,9;32,9;61,4
Sul;SC;4202404;42016134;Urbana;Estadual;73;31,1;90;32;73,9
Sul;SC;4202404;42016142;Urbana;Privada;97,1;1;100;48,8;48,3
Sul;SC;4202404;42016150;Urbana;Privada;98;2,7;100;32,3;56,6
Sul;SC;4202404;42016169;Urbana;Estadual;69,5;29;91,5;25,9;48,9
Sul;SC;4202404;42016177;Urbana;Estadual;86,9;30,2;93,1;25,4;70,8
Sul;SC;4202404;42016193;Urbana;Estadual;81;27,7;92,7;28,1;69,9
Sul;SC;4202404;42016207;Urbana;Privada;97,1;4,7;94,1;32,3;52,6
Sul;SC;4202404;42016223;Urbana;Estadual;68,2;30,5;90,9;30,8;62,2
Sul;SC;4202404;42016266;Urbana;Municipal;94,3;5,4;100;40;89,4
Sul;SC;4202404;42099501;Urbana;Federal;84,6;16,7;100;28,4;70,8
Sul;SC;4202404;42102367;Urbana;Estadual;74,7;34,6;92,9;27;56,3
Sul;SC;4202404;42103304;Urbana;Estadual;66,3;35,8;94,7;33,9;58,3
Sul;SC;4202404;42106435;Urbana;Estadual;85,5;23,7;94,3;35,3;64,8
Sul;SC;4202404;42109060;Urbana;Privada;100;7;83,3;14,3;64,7
Sul;SC;4202404;42123291;Urbana;Privada;100;1,4;94,4;36,5;81,1
Sul;SC;4202404;42133319;Urbana;Privada;97,6;5,5;95,8;41,3;67,2
Sul;SC;4202404;42153778;Urbana;Privada;100;0;100;4;71,4
Sul;SC;4202404;42154243;Urbana;Estadual;100;2,5;100;20;84,6
Sul;SC;4202404;42156360;Urbana;Privada;95,7;5,5;94,4;36,4;51,3
Sul;SC;4202404;42158133;Urbana;Privada;100;0;76,2;12,3;62,3
Sul;SC;4202404;42160456;Urbana;Estadual;83,7;24;88;35,7;87
Sul;SC;4202404;42160642;Urbana;Privada;98,4;3,4;85,7;19,7;64,6
Sul;SC;4202404;42272327;Urbana;Privada;97;5,9;97,6;22,7;75
Sul;SC;4202438;42029970;Urbana;Estadual;89,2;33,6;95,2;16,1;91,7
Sul;SC;4202453;42070511;Urbana;Estadual;86,7;14,8;100;27;64,6
Sul;SC;4202453;42070589;Urbana;Estadual;81,2;17,9;84,4;27,4;52,7
Sul;SC;4202503;42034817;Urbana;Estadual;61,7;44;76,2;17,7;53,2
Sul;SC;4202537;42084350;Urbana;Estadual;89,9;28,2;100;17,8;48,2
Sul;SC;4202578;42056837;Urbana;Estadual;94,8;11,9;100;9,8;87,5
Sul;SC;4202602;42152631;Urbana;Estadual;80,9;31,9;91,3;25,3;44,8
Sul;SC;4202701;42081106;Urbana;Estadual;91,4;17,5;86,4;22;47,2
Sul;SC;4202800;42008557;Rural;Estadual;94,2;11,8;86,7;22,7;45,8
Sul;SC;4202800;42008743;Urbana;Estadual;78,2;24,9;83,6;25,1;57,6
Sul;SC;4202800;42008751;Urbana;Estadual;80,6;21,2;79,5;22,6;58,6
Sul;SC;4202800;42008778;Rural;Estadual;95,4;15,9;92,3;23;70,6
Sul;SC;4202800;42154383;Rural;Privada;96,3;0;93,8;37,3;87,2
Sul;SC;4202800;42207223;Urbana;Privada;100;7,7;81,8;13;50
Sul;SC;4202859;42023815;Urbana;Estadual;83,2;13,5;94,4;22,2;45,4
Sul;SC;4202875;42044693;Urbana;Estadual;93,7;15,2;86,7;13,2;66,7
Sul;SC;4202909;42080185;Urbana;Estadual;81,8;24,8;92,3;25,6;59,8
Sul;SC;4202909;42080193;Urbana;Estadual;81,8;19,9;84;28,1;41,3
Sul;SC;4202909;42080258;Urbana;Privada;99,5;0,5;100;35,7;97
Sul;SC;4202909;42080274;Urbana;Estadual;76,6;19,5;85,4;31,2;69,6
Sul;SC;4202909;42080282;Urbana;Estadual;67,6;27,1;95,3;22,8;59
Sul;SC;4202909;42080290;Urbana;Estadual;77,8;21,6;93,9;24,3;56,2
Sul;SC;4202909;42080746;Urbana;Privada;98,4;2,6;100;31,8;87,8
Sul;SC;4202909;42080754;Urbana;Estadual;79,4;26,7;100;29,6;70,3
Sul;SC;4202909;42080762;Urbana;Estadual;78,6;21,1;94,3;28,9;56,6
Sul;SC;4202909;42080789;Urbana;Estadual;76,4;37,8;100;21,1;83,8
Sul;SC;4202909;42080800;Urbana;Estadual;83;26,6;84,6;23,3;53,8
Sul;SC;4202909;42143314;Urbana;Estadual;86,8;22,6;81,1;25,8;64,3
Sul;SC;4202909;42150663;Urbana;Federal;98,3;4,9;90,4;33,9;78,3
Sul;SC;4202909;42155274;Urbana;Privada;97,9;3,6;100;39,2;80
Sul;SC;4202909;42155541;Urbana;Privada;100;1,8;100;18,3;92,3
Sul;SC;4202909;42156378;Urbana;Privada;100;3,8;100;34,7;27,5
Sul;SC;4203006;42066760;Urbana;Federal;94,1;13,7;98,35;23,4;72,9
Sul;SC;4203006;42071569;Urbana;Estadual;74,1;23,7;90;29,3;67,3
Sul;SC;4203006;42072182;Urbana;Estadual;68,7;38,5;84,2;10,8;57
Sul;SC;4203006;42072301;Urbana;Estadual;76,5;28,8;98,4;22,9;69,3
Sul;SC;4203006;42072360;Urbana;Privada;94,6;2,1;93,8;23,5;55,1
Sul;SC;4203006;42072379;Urbana;Estadual;81,1;17,8;100;30,4;64,2
Sul;SC;4203006;42072425;Urbana;Estadual;73,7;36,9;96,2;18,6;65,5
Sul;SC;4203006;42121680;Urbana;Estadual;64,8;24,9;96,9;22,3;65
Sul;SC;4203006;42144965;Urbana;Privada;96,1;2,4;100;28;82,9
Sul;SC;4203105;42055539;Urbana;Estadual;97,2;12,4;84,8;20,8;58,9
Sul;SC;4203154;42072719;Urbana;Estadual;77;20,3;100;20,5;43,5
Sul;SC;4203204;42070384;Urbana;Estadual;82;25,1;95,2;26,8;71,5
Sul;SC;4203204;42070392;Urbana;Estadual;64,3;30,7;92,1;28,9;62,4
Sul;SC;4203204;42070406;Urbana;Federal;90,2;24,5;100;29,3;97,2
Sul;SC;4203204;42101212;Urbana;Estadual;84,2;26,5;93,2;26;71,4
Sul;SC;4203204;42109159;Urbana;Estadual;82,2;30;92,6;31,9;58,4
Sul;SC;4203204;42127815;Urbana;Privada;99;1,9;83,3;26,5;66,7
Sul;SC;4203204;42130930;Urbana;Privada;96,2;3,6;92,9;28;54,3
Sul;SC;4203204;42155649;Urbana;Privada;100;4,7;95;14,3;67,3
Sul;SC;4203204;42162408;Urbana;Privada;100;5,3;72,7;12,7;41,7
Sul;SC;4203253;42029139;Urbana;Estadual;86,1;32;86,7;18,8;57,1
Sul;SC;4203303;42098823;Urbana;Estadual;93,7;18;81;25,6;73,8
Sul;SC;4203303;42099072;Urbana;Estadual;83,6;15,1;93,3;23,8;96,7
Sul;SC;4203402;42036984;Rural;Municipal;87,2;17,1;81,8;10,3;50
Sul;SC;4203402;42037352;Urbana;Estadual;90,7;15,1;82,1;24,2;61,1
Sul;SC;4203501;42065780;Urbana;Estadual;79,5;20,6;93,6;19,1;50
Sul;SC;4203501;42066751;Urbana;Estadual;84,5;12,5;95,7;18,7;80,6
Sul;SC;4203501;42103223;Rural;Estadual;93,5;13,4;97,05;21,3;72,6
Sul;SC;4203600;42043794;Urbana;Estadual;96,7;15,1;100;28,7;76,9
Sul;SC;4203600;42044529;Urbana;Estadual;86,2;17,6;95,5;27,8;50,4
Sul;SC;4203600;42044537;Urbana;Estadual;80,7;26,1;94,7;26,8;68,8
Sul;SC;4203600;42044545;Urbana;Privada;94,8;2,6;100;25,7;83,3
Sul;SC;4203600;42044588;Rural;Estadual;90,5;20;77,8;15;64,5
Sul;SC;4203709;42081629;Rural;Estadual;94,9;11,7;62,5;20;29,5
Sul;SC;4203709;42081823;Urbana;Estadual;94,6;20,1;92;25,8;64,2
Sul;SC;4203709;42146275;Urbana;Privada;97,4;2,6;93,3;26;65,1
Sul;SC;4203808;42073545;Urbana;Federal;94,8;9,8;98,45;32,3;61,5
Sul;SC;4203808;42088356;Urbana;Estadual;57,1;27,8;94,4;15;50,8
Sul;SC;4203808;42088623;Urbana;Estadual;92,9;12,8;92,3;23,4;63,3
Sul;SC;4203808;42088836;Urbana;Privada;98,2;0;100;18,3;85
Sul;SC;4203808;42089344;Urbana;Estadual;84,7;12,3;91,5;25,2;50,4
Sul;SC;4203808;42089832;Urbana;Estadual;87,8;17,2;90,7;25,7;66,6
Sul;SC;4203808;42089859;Urbana;Estadual;81,3;18,1;92,9;19,5;56,6
Sul;SC;4203808;42089875;Urbana;Estadual;91,4;11,6;90,5;15,8;62,4
Sul;SC;4203808;42089905;Rural;Estadual;96,8;9,4;97,5;23,9;71,7
Sul;SC;4203808;42089913;Urbana;Privada;100;0;100;21,3;71,4
Sul;SC;4203907;42043301;Urbana;Estadual;89,4;17,6;88,9;22,8;82,6
Sul;SC;4203907;42043310;Urbana;Estadual;89,2;18,5;90,6;25,4;71,5
Sul;SC;4203956;42006686;Urbana;Estadual;76;23,3;98,1;27,9;50,3
Sul;SC;4204004;42042747;Urbana;Estadual;87,5;18,4;86,2;26,2;72
Sul;SC;4204004;42154022;Urbana;Privada;100;4,2;100;8;66,7
Sul;SC;4204103;42054290;Urbana;Estadual;87,5;13,1;91,3;19,6;46,2
Sul;SC;4204152;42033071;Urbana;Estadual;95,8;16,7;100;16;75
Sul;SC;4204178;42037760;Urbana;Estadual;100;18,6;94,7;17;62,5
Sul;SC;4204194;42095751;Urbana;Estadual;97,4;13,2;93,8;19;44,4
Sul;SC;4204202;42052050;Urbana;Estadual;79;15,8;100;29,4;88,3
Sul;SC;4204202;42052076;Rural;Estadual;89,5;30;75;13,3;25
Sul;SC;4204202;42052238;Urbana;Estadual;89,5;12,9;94,1;27;66,8
Sul;SC;4204202;42052246;Urbana;Estadual;84,3;12;92,9;24,3;74,4
Sul;SC;4204202;42052254;Urbana;Estadual;76,6;19;97,7;27,1;69,2
Sul;SC;4204202;42052297;Urbana;Estadual;70,8;20,5;100;26;62
Sul;SC;4204202;42052300;Urbana;Estadual;65,1;28,4;90,9;26,9;60,7
Sul;SC;4204202;42052572;Urbana;Estadual;58,9;24,1;88,1;30,3;53,9
Sul;SC;4204202;42053471;Urbana;Estadual;58,8;36,3;98;22,5;62,9
Sul;SC;4204202;42053480;Urbana;Privada;94,6;1,3;100;33;73,6
Sul;SC;4204202;42053498;Rural;Estadual;69,4;20,7;94,4;25,6;52,9
Sul;SC;4204202;42053501;Urbana;Estadual;81,8;19,4;95;31,6;54,5
Sul;SC;4204202;42053552;Urbana;Estadual;82,9;16,4;100;26;65,8
Sul;SC;4204202;42053587;Urbana;Estadual;74,6;18,2;97,6;24,4;73,9
Sul;SC;4204202;42053625;Urbana;Estadual;91,7;18,9;96,3;17,1;56,1
Sul;SC;4204202;42053889;Urbana;Estadual;76,5;13,6;100;27,9;71,1
Sul;SC;4204202;42053897;Rural;Estadual;100;0;100;6,7;94,4
Sul;SC;4204202;42053900;Urbana;Estadual;75,2;18,5;90,5;31,8;67,3
Sul;SC;4204202;42053919;Urbana;Estadual;76,9;23,5;95,8;22,9;66,9
Sul;SC;4204202;42053927;Urbana;Estadual;85,2;35,5;100;32,6;47,4
Sul;SC;4204202;42104637;Urbana;Privada;98,5;3,1;90;21,7;66,7
Sul;SC;4204202;42113105;Urbana;Privada;96,2;5,4;89,5;26;31,8
Sul;SC;4204202;42116112;Urbana;Privada;97,3;2,7;93,8;37,5;81,1
Sul;SC;4204202;42130875;Urbana;Privada;100;3,2;94,7;31,7;86,4
Sul;SC;4204202;42141036;Urbana;Privada;99,4;0;100;40,5;84,7
Sul;SC;4204202;42150019;Urbana;Federal;87,4;30,2;100;53;90,2
Sul;SC;4204202;42152623;Urbana;Estadual;74,4;15,8;95,8;28,9;83,7
Sul;SC;4204202;42156394;Urbana;Privada;96,9;5,4;100;33,6;81,5
Sul;SC;4204202;42159857;Urbana;Privada;96,9;3;92,3;16,5;31,7
Sul;SC;4204202;42199204;Urbana;Estadual;97,8;3,8;92,2;17,3;87,9
Sul;SC;4204202;42203600;Urbana;Privada;100;0;84,6;15,7;70,7
Sul;SC;4204251;42014239;Urbana;Estadual;77,5;21,6;100;23,6;78,3
Sul;SC;4204251;42014298;Urbana;Privada;100;2,5;100;39,7;77,8
Sul;SC;4204301;42048192;Urbana;Privada;100;0;100;21;58,3
Sul;SC;4204301;42048206;Urbana;Estadual;94,1;8,9;100;25,3;68,4
Sul;SC;4204301;42048230;Urbana;Federal;93,1;13,9;100;31,9;83,7
Sul;SC;4204301;42048656;Urbana;Estadual;75,2;16,7;93,9;25,8;68,3
Sul;SC;4204301;42048729;Urbana;Estadual;81,9;14,6;81,8;21,9;54,9
Sul;SC;4204301;42049105;Rural;Estadual;95,1;15,9;93,3;14,7;45
Sul;SC;4204301;42049652;Urbana;Estadual;88,6;14;80;16,7;62,2
Sul;SC;4204301;42049660;Urbana;Estadual;72,2;21,5;86,5;19;55,9
Sul;SC;4204301;42049695;Urbana;Estadual;70,9;26,4;96,8;25,2;68,1
Sul;SC;4204301;42150060;Urbana;Privada;98,7;1,3;100;26;81,8
Sul;SC;4204301;42156386;Urbana;Privada;99,5;2,1;100;27,7;74,6
Sul;SC;4204350;42052289;Urbana;Estadual;87;8,3;100;20;86,7
Sul;SC;4204400;42057850;Urbana;Estadual;77,4;15,6;96,2;19,2;71,7
Sul;SC;4204459;42085659;Urbana;Estadual;94,2;12,5;80;18;58,3
Sul;SC;4204509;42092906;Urbana;Estadual;85,2;15,6;100;29,1;84,9
Sul;SC;4204558;42038421;Urbana;Estadual;85,2;22,4;96,3;24,8;77,2
Sul;SC;4204558;42038430;Urbana;Privada;94,7;2,5;66,7;13,3;40
Sul;SC;4204558;42038448;Urbana;Estadual;80,4;21,3;88,9;18,4;60,5
Sul;SC;4204608;42011310;Urbana;Estadual;84,8;17;97,2;25,6;73,6
Sul;SC;4204608;42011604;Urbana;Estadual;71,8;28,9;92,3;30,8;55,2
Sul;SC;4204608;42011612;Urbana;Privada;95,9;1,1;100;29,4;85
Sul;SC;4204608;42011620;Urbana;Privada;96,9;0;100;29,8;74
Sul;SC;4204608;42011639;Urbana;Estadual;72,3;32,3;97,3;23,3;64,5
Sul;SC;4204608;42011930;Urbana;Estadual;81,8;27,1;90,3;17,7;63,9
Sul;SC;4204608;42012023;Urbana;Privada;91,5;0,8;100;32,8;54,9
Sul;SC;4204608;42012040;Urbana;Estadual;87,1;24,7;94,7;22,6;65,6
Sul;SC;4204608;42012090;Urbana;Estadual;79,7;29,9;95,8;24,5;60,4
Sul;SC;4204608;42012104;Urbana;Estadual;59,5;40,8;92,5;21,8;61,1
Sul;SC;4204608;42012112;Urbana;Estadual;72,8;19,8;96,4;21,1;58,3
Sul;SC;4204608;42012120;Urbana;Estadual;81,6;23,2;98,1;27,5;51,1
Sul;SC;4204608;42012198;Urbana;Privada;96,6;3;95,1;36;65,9
Sul;SC;4204608;42012201;Urbana;Estadual;99,1;5,5;95;35,8;59,5
Sul;SC;4204608;42012210;Urbana;Privada;100;5,3;100;19;69,2
Sul;SC;4204608;42012414;Urbana;Estadual;75,7;33,5;89,7;24,5;57,7
Sul;SC;4204608;42012422;Urbana;Estadual;79,1;26,7;95,7;28,2;59,8
Sul;SC;4204608;42012872;Urbana;Federal;84,2;21,7;100;35,3;51,7
Sul;SC;4204608;42084695;Urbana;Privada;99,3;1,1;88,2;33,7;72,4
Sul;SC;4204608;42102308;Urbana;Privada;97,6;8,6;100;27;44,6
Sul;SC;4204608;42106915;Urbana;Privada;81,1;33,3;100;15,6;83,9
Sul;SC;4204608;42113601;Urbana;Privada;93,9;5,2;86,65;30,6;53,3
Sul;SC;4204608;42123682;Urbana;Privada;83,8;10;100;26,7;68,4
Sul;SC;4204608;42151031;Urbana;Privada;93,8;17,4;100;23;75
Sul;SC;4204608;42158702;Urbana;Privada;78,6;17,6;100;17;73,3
Sul;SC;4204707;42063469;Urbana;Estadual;84;17,8;88;22,4;41
Sul;SC;4204756;42056080;Urbana;Estadual;89,2;15,4;91,7;21,7;70,3
Sul;SC;4204806;42035295;Urbana;Privada;98,3;0;100;18,7;89,7
Sul;SC;4204806;42035309;Urbana;Estadual;85,7;46,2;100;17,3;45,8
Sul;SC;4204806;42035317;Urbana;Estadual;87,3;13,5;90;28,2;54,1
Sul;SC;4204806;42035430;Urbana;Estadual;83,6;21,6;95,2;23,2;55,6
Sul;SC;4204806;42035767;Urbana;Estadual;89;12,8;89,9;27,2;61,5
Sul;SC;4204806;42035775;Urbana;Privada;100;1,1;100;29,3;80
Sul;SC;4204806;42035805;Urbana;Estadual;75,7;18,4;79,4;30,1;51
Sul;SC;4204806;42149649;Urbana;Estadual;91,7;7,7;88,5;13;50
Sul;SC;4204905;42067200;Rural;Estadual;97,1;13,5;87,5;12,3;64,9
Sul;SC;4204905;42067804;Urbana;Estadual;88;18,8;93,8;24;69,2
Sul;SC;4205001;42061954;Urbana;Estadual;81,5;20,7;86,7;30,8;66,4
Sul;SC;4205001;42061970;Rural;Estadual;87,5;20;83,3;11,7;53,1
Sul;SC;4205001;42061989;Rural;Estadual;91,3;20,3;86,7;23;55,3
Sul;SC;4205100;42027985;Rural;Estadual;90,9;15,2;100;11;66,7
Sul;SC;4205100;42028108;Urbana;Estadual;88,2;17,9;66,7;22,4;39,4
Sul;SC;4205159;42019648;Urbana;Estadual;88,7;10,6;70,6;22;38
Sul;SC;4205175;42085055;Rural;Estadual;87;18,8;76,9;16;5,7
Sul;SC;4205175;42085268;Urbana;Estadual;91,5;10;72,7;23,3;75
Sul;SC;4205191;42077877;Urbana;Estadual;93,4;13,3;88,2;18;43,8
Sul;SC;4205209;42047234;Urbana;Estadual;84,2;18,9;90;22;70,2
Sul;SC;4205308;42084040;Rural;Estadual;83,3;10,2;76,9;16,3;72,2
Sul;SC;4205308;42084334;Urbana;Estadual;84,5;10,6;95,2;23,2;57,6
Sul;SC;4205357;42061342;Urbana;Estadual;88,1;6,8;93,3;9,8;75
Sul;SC;4205407;42000017;Urbana;Estadual;82,2;20,7;98,3;34,5;69,1
Sul;SC;4205407;42000220;Urbana;Estadual;86,3;29,1;81,3;25,1;65,4
Sul;SC;4205407;42000238;Urbana;Privada;100;4,9;100;40,7;71,6
Sul;SC;4205407;42000246;Urbana;Privada;91,2;5,8;100;31,2;80,7
Sul;SC;4205407;42000262;Urbana;Privada;94,7;4,5;100;29,7;82,2
Sul;SC;4205407;42000351;Urbana;Federal;82,1;38,5;96,65;25;6,9
Sul;SC;4205407;42000645;Urbana;Privada;100;3,2;93,3;41,3;75
Sul;SC;4205407;42000670;Urbana;Privada;96,5;2,3;97,4;40,4;57,3
Sul;SC;4205407;42000688;Urbana;Federal;95,2;16,4;95,8;24,4;84
Sul;SC;4205407;42000696;Urbana;Estadual;74,3;29,3;96,4;25,7;75,5
Sul;SC;4205407;42000700;Urbana;Estadual;76;40,2;100;23,4;77
Sul;SC;4205407;42000718;Urbana;Estadual;73,7;26,2;97,6;28,8;63
Sul;SC;4205407;42000726;Urbana;Estadual;97,7;1,7;100;29,5;61,1
Sul;SC;4205407;42000793;Urbana;Privada;100;4,1;83,3;24,3;43,5
Sul;SC;4205407;42000947;Urbana;Estadual;62,9;37,5;95,6;30,2;71,2
Sul;SC;4205407;42001080;Urbana;Estadual;74,6;29,7;97,4;30,7;81,4
Sul;SC;4205407;42001129;Urbana;Estadual;72;36;100;29,2;64,8
Sul;SC;4205407;42001285;Urbana;Estadual;67,8;46,9;93,5;32;68,3
Sul;SC;4205407;42001358;Urbana;Estadual;87,1;26,9;100;27,8;81,4
Sul;SC;4205407;42001404;Urbana;Estadual;60,7;34;100;21,5;62,2
Sul;SC;4205407;42001412;Urbana;Estadual;70,5;39,8;96,2;24,5;68,2
Sul;SC;4205407;42001455;Urbana;Estadual;74,1;32,8;94,7;14,5;62
Sul;SC;4205407;42001501;Urbana;Estadual;76,1;44;96,8;14,9;72,8
Sul;SC;4205407;42001625;Urbana;Privada;100;13,4;82,4;22,3;74
Sul;SC;4205407;42001757;Urbana;Estadual;75,2;47,2;90,7;27,2;74,7
Sul;SC;4205407;42001765;Urbana;Estadual;65,8;28,2;92,6;24,4;74,8
Sul;SC;4205407;42001773;Urbana;Privada;99,1;2,1;100;39,2;72,2
Sul;SC;4205407;42001811;Urbana;Estadual;80;35,7;100;14;91,7
Sul;SC;4205407;42002079;Urbana;Estadual;68,5;43,8;97,8;24,3;79
Sul;SC;4205407;42002087;Urbana;Privada;93,8;9,3;76,9;28,7;61,1
Sul;SC;4205407;42064856;Urbana;Privada;97;12,1;100;16,5;92,3
Sul;SC;4205407;42064902;Urbana;Privada;100;6,3;90,9;16;61,5
Sul;SC;4205407;42087848;Urbana;Privada;100;19;100;10,5;92,3
Sul;SC;4205407;42102480;Urbana;Estadual;76,4;35,2;100;25;90,9
Sul;SC;4205407;42102499;Urbana;Estadual;63,4;38,4;98,7;33,5;72,3
Sul;SC;4205407;42103215;Urbana;Privada;75,2;38,5;83,3;26;60,9
Sul;SC;4205407;42103894;Urbana;Privada;98;2;90,9;16,3;57,1
Sul;SC;4205407;42106311;Urbana;Privada;97,9;2,9;100;47,8;80,8
Sul;SC;4205407;42108837;Urbana;Estadual;69,6;30,2;93,3;25,8;91,7
Sul;SC;4205407;42109230;Urbana;Privada;93,1;1,1;97,5;32,9;79,9
Sul;SC;4205407;42109337;Urbana;Privada;98;5,5;100;40,2;60,3
Sul;SC;4205407;42110980;Urbana;Privada;97,8;7;95,5;28,6;84,4
Sul;SC;4205407;42112796;Urbana;Privada;98,4;6,7;90;32,2;64,3
Sul;SC;4205407;42113083;Urbana;Privada;99,2;1,2;88,4;48,3;64,4
Sul;SC;4205407;42114357;Urbana;Privada;97,6;2,3;92,9;25,6;65,1
Sul;SC;4205407;42116309;Urbana;Estadual;74,1;24,1;91,7;22,4;75
Sul;SC;4205407;42125901;Urbana;Privada;98,5;5,8;94,1;34,5;76,1
Sul;SC;4205407;42129303;Urbana;Privada;99,2;5,3;90,9;33,3;50
Sul;SC;4205407;42133114;Urbana;Privada;96,3;5,1;100;26,3;67,3
Sul;SC;4205407;42141613;Urbana;Privada;100;6,9;90;19,3;53,8
Sul;SC;4205407;42143489;Urbana;Privada;100;4,1;95,2;32,7;64,4
Sul;SC;4205407;42144531;Urbana;Privada;100;0,9;100;38,7;93,1
Sul;SC;4205407;42145430;Urbana;Privada;100;7;100;14,3;59
Sul;SC;4205407;42148413;Urbana;Estadual;73;27,9;98;32,9;77,5
Sul;SC;4205407;42148740;Urbana;Privada;100;6,3;100;5,3;85,7
Sul;SC;4205407;42149436;Urbana;Privada;100;0;100;12,3;81,3
Sul;SC;4205407;42152054;Urbana;Privada;97,1;5,3;100;22,8;71,7
Sul;SC;4205407;42154090;Urbana;Privada;98,5;4,5;100;22,3;82,5
Sul;SC;4205407;42156530;Urbana;Privada;98,7;6,7;100;35,3;30,9
Sul;SC;4205407;42160081;Urbana;Privada;95,7;0;95,2;26;77
Sul;SC;4205407;42160383;Urbana;Privada;98,1;0;83,9;36,7;53,7
Sul;SC;4205407;42160650;Urbana;Privada;100;0;88,9;31;52,8
Sul;SC;4205407;42294266;Urbana;Privada;97,4;8,5;100;20,5;66,7
Sul;SC;4205431;42058740;Urbana;Estadual;88,1;17,4;92,3;17,3;91,7
Sul;SC;4205456;42012139;Urbana;Estadual;73,9;18,9;97,6;24,7;57,4
Sul;SC;4205456;42012279;Rural;Estadual;98,1;5,3;75;19;52,1
Sul;SC;4205456;42012406;Urbana;Privada;100;2,2;91,7;15,3;53,8
Sul;SC;4205456;42109930;Urbana;Estadual;89,8;13,2;100;27,8;68,3
Sul;SC;4205506;42075432;Urbana;Estadual;84;21,5;100;25,7;78,1
Sul;SC;4205506;42075440;Urbana;Estadual;78,6;12,1;96,3;23,4;42,5
Sul;SC;4205506;42084679;Urbana;Federal;93;9,8;100;22;85,3
Sul;SC;4205506;42109361;Rural;Estadual;86,8;25,6;89,5;14,3;71,1
Sul;SC;4205506;42113580;Urbana;Privada;100;2;90;17;57,9
Sul;SC;4205506;42118239;Urbana;Privada;98,6;0;85,7;23,3;50
Sul;SC;4205506;42184606;Urbana;Estadual;64,4;36,4;95,7;31,8;34,5
Sul;SC;4205555;42035422;Urbana;Estadual;88,6;11,2;76,2;21,4;55,3
Sul;SC;4205605;42086582;Urbana;Estadual;89,8;15,5;85;18,3;62,5
Sul;SC;4205704;42094860;Urbana;Estadual;80,2;20,1;100;24,5;83,7
Sul;SC;4205704;42116520;Urbana;Federal;90,3;17,5;100;31,5;58,7
Sul;SC;4205704;42152011;Urbana;Privada;100;3,4;90;14,5;58,3
Sul;SC;4205704;42152739;Urbana;Estadual;83,2;23,5;92,7;30,8;64,2
Sul;SC;4205803;42021367;Urbana;Estadual;80,3;23,4;100;31,2;69,1
Sul;SC;4205902;42016509;Urbana;Privada;99,1;2,7;100;37;75
Sul;SC;4205902;42016649;Urbana;Estadual;86,3;15,4;75;22,3;70,8
Sul;SC;4205902;42016657;Urbana;Estadual;76,7;21,4;96,2;30,5;67
Sul;SC;4205902;42016665;Urbana;Estadual;79,8;25,5;93,8;27,5;58,3
Sul;SC;4205902;42016932;Urbana;Estadual;76,8;27,6;97,6;26,5;70
Sul;SC;4205902;42016959;Urbana;Estadual;75;29,3;92,9;23,9;57,7
Sul;SC;4205902;42079950;Urbana;Federal;80,7;35,7;100;32,3;61,9
Sul;SC;4205902;42105528;Urbana;Privada;100;4,1;100;24,3;78,6
Sul;SC;4206009;42002672;Urbana;Estadual;89,3;23;96,6;21,8;77
Sul;SC;4206009;42002680;Urbana;Estadual;85,6;23,9;88,9;26,3;86
Sul;SC;4206108;42009111;Urbana;Estadual;82,6;18,4;92;19,9;69,2
Sul;SC;4206207;42010667;Urbana;Estadual;97,4;13,7;100;18,3;60,6
Sul;SC;4206207;42010845;Urbana;Estadual;82,9;18,4;96,6;24,1;65
Sul;SC;4206306;42080452;Urbana;Estadual;68,1;17,9;81,8;25,2;64
Sul;SC;4206306;42080460;Urbana;Estadual;85;16;86,4;26,2;59,3
Sul;SC;4206405;42067898;Urbana;Estadual;91,1;11,3;91,9;19,5;83,3
Sul;SC;4206504;42091942;Urbana;Estadual;60,6;27,2;96,9;32,5;87
Sul;SC;4206504;42091950;Urbana;Estadual;78,9;18,9;90,5;28,9;54,5
Sul;SC;4206504;42092230;Urbana;Estadual;89,9;12,8;100;27,9;65,2
Sul;SC;4206504;42152763;Urbana;Estadual;92,6;5,1;94,75;27,2;48,8
Sul;SC;4206603;42064805;Urbana;Estadual;90,8;11,8;91,3;17;56
Sul;SC;4206652;42053935;Urbana;Estadual;65,9;23,1;96,7;23,7;69,8
Sul;SC;4206702;42043662;Urbana;Estadual;69,6;40,8;100;17,9;85
Sul;SC;4206702;42043689;Urbana;Estadual;78,5;27,4;86,7;27,8;71,5
Sul;SC;4206751;42045592;Urbana;Estadual;85,4;13,5;80;17,3;56,3
Sul;SC;4206801;42046769;Urbana;Estadual;97,2;19,7;84,6;25,3;43,8
Sul;SC;4206900;42011477;Urbana;Federal;95,5;11;100;25;88,7
Sul;SC;4206900;42024471;Urbana;Estadual;76,8;32,2;90;25,5;60
Sul;SC;4206900;42024480;Urbana;Privada;100;8,8;91,7;11,3;64,3
Sul;SC;4206900;42024501;Urbana;Estadual;89,1;23;100;21;55,7
Sul;SC;4207007;42011337;Urbana;Estadual;59,8;30,5;95;23,8;66,7
Sul;SC;4207007;42013054;Urbana;Estadual;84;19,4;100;23,4;57,6
Sul;SC;4207007;42013070;Urbana;Estadual;86,8;21,1;96,2;26,4;62,7
Sul;SC;4207007;42013119;Urbana;Estadual;81,2;23,7;92,9;25,9;75,3
Sul;SC;4207007;42013437;Urbana;Estadual;79,2;23;97,8;27,6;59,2
Sul;SC;4207007;42102359;Urbana;Estadual;76,2;31,7;100;20,7;41,1
Sul;SC;4207106;42069408;Urbana;Estadual;81,2;19,3;87,9;34,3;66,5
Sul;SC;4207106;42069416;Urbana;Estadual;84;24,2;78,6;23,8;50
Sul;SC;4207205;42094437;Rural;Estadual;88,5;11,1;92,3;18;61,5
Sul;SC;4207205;42094836;Urbana;Estadual;96,2;17,2;87,5;23,3;66,7
Sul;SC;4207205;42094844;Rural;Estadual;90;21,3;84;17,6;68,7
Sul;SC;4207205;42142270;Rural;Estadual;87,8;85,7;55,6;10,5;25
Sul;SC;4207304;42094046;Urbana;Estadual;81,6;23,1;100;24,6;74,3
Sul;SC;4207304;42094151;Urbana;Estadual;78,7;26,5;91,1;25,3;76,1
Sul;SC;4207304;42094160;Urbana;Estadual;69,4;39,4;100;21,2;83,8
Sul;SC;4207304;42094194;Urbana;Estadual;88,7;22,7;88,5;25,1;35,4
Sul;SC;4207304;42094208;Rural;Estadual;88,7;11,9;100;16,8;70,7
Sul;SC;4207304;42094224;Urbana;Estadual;88,7;28,7;95,8;25,4;76,8
Sul;SC;4207304;42126088;Urbana;Privada;98,7;1,2;83,3;28;73,3
Sul;SC;4207304;42141451;Urbana;Privada;100;1,4;61,5;24,3;56,4
Sul;SC;4207304;42272319;Urbana;Privada;96,7;11,8;100;11,3;90,7
Sul;SC;4207403;42097215;Urbana;Estadual;95;13,3;85,7;26,8;59,5
Sul;SC;4207502;42017653;Urbana;Estadual;65,7;28,5;85,2;30,4;63,8
Sul;SC;4207502;42017670;Urbana;Estadual;75;29,1;92,6;27,9;62,8
Sul;SC;4207502;42017700;Urbana;Estadual;81,6;19,8;90,9;26,4;79,2
Sul;SC;4207502;42116120;Urbana;Privada;96,2;3,8;91,7;26;65,1
Sul;SC;4207502;42135613;Urbana;Privada;100;0;90,9;16,7;57,1
Sul;SC;4207502;42152747;Urbana;Estadual;82,2;18,9;87,5;27;38,5
Sul;SC;4207577;42073189;Urbana;Estadual;85,9;15,1;88,9;14,3;64
Sul;SC;4207601;42051169;Urbana;Estadual;92,3;9,9;100;14,1;62,8
Sul;SC;4207650;42064929;Rural;Estadual;100;3,6;85,7;9,3;71,1
Sul;SC;4207650;42064937;Urbana;Estadual;95;13,7;94,7;24,4;74,1
Sul;SC;4207684;42083931;Rural;Estadual;77;33,3;62,5;23,6;15,8
Sul;SC;4207684;42083940;Rural;Estadual;90,7;28,6;53,8;18,7;0
Sul;SC;4207684;42086710;Urbana;Estadual;81,9;19,4;90;17,2;50,4
Sul;SC;4207700;42049920;Rural;Estadual;92,6;26,9;100;8,7;77,8
Sul;SC;4207700;42050243;Urbana;Estadual;91,1;9,6;100;19,8;75,9
Sul;SC;4207759;42063493;Urbana;Estadual;93,4;10,7;100;17,5;88,5
Sul;SC;4207809;42046556;Urbana;Estadual;85,9;15,4;96;27,8;57,1
Sul;SC;4207809;42046564;Urbana;Estadual;96,7;11,8;91,7;11,3;83,3
Sul;SC;4207858;42057981;Urbana;Estadual;83,6;22,8;85;9,5;62
Sul;SC;4207908;42091233;Urbana;Estadual;88,6;13,7;93,1;22,7;60,5
Sul;SC;4208005;42051720;Urbana;Estadual;87;31,6;94,7;19,3;63,5
Sul;SC;4208104;42039967;Rural;Estadual;89,4;17,4;100;15,3;56,3
Sul;SC;4208104;42039975;Rural;Estadual;94,9;10,3;77,8;26;26
Sul;SC;4208104;42039983;Rural;Estadual;92,1;17,3;86,7;25;62,5
Sul;SC;4208104;42040477;Urbana;Estadual;85,6;21,5;97,4;30,2;65,6
Sul;SC;4208104;42141257;Urbana;Privada;100;0;100;12;82,9
Sul;SC;4208203;42068541;Urbana;Estadual;66,9;28,2;96,6;29,9;76,5
Sul;SC;4208203;42068606;Urbana;Privada;96,3;2,9;100;40,8;96,1
Sul;SC;4208203;42068649;Urbana;Estadual;80,9;32,2;97,7;27,1;75,5
Sul;SC;4208203;42068657;Urbana;Estadual;81,3;20,9;97,1;25;77,9
Sul;SC;4208203;42068665;Urbana;Privada;100;0,9;89,5;26,8;82,8
Sul;SC;4208203;42068673;Urbana;Privada;97,9;3,3;90,6;37,7;46
Sul;SC;4208203;42068681;Urbana;Estadual;70;18,5;97,4;21,9;54,2
Sul;SC;4208203;42068690;Urbana;Privada;97,6;4,3;86,4;34,6;61
Sul;SC;4208203;42068703;Urbana;Privada;100;2,6;93,8;31,2;71,9
Sul;SC;4208203;42068711;Urbana;Estadual;69,6;18,1;100;31,8;66,7
Sul;SC;4208203;42068720;Urbana;Estadual;68,1;26,8;100;25,3;73,5
Sul;SC;4208203;42069068;Urbana;Estadual;89,6;26,2;87;23,3;65,3
Sul;SC;4208203;42069084;Urbana;Estadual;93,4;8,7;93,9;33,3;56,5
Sul;SC;4208203;42069092;Urbana;Estadual;74,6;22,9;95,6;28,6;75,8
Sul;SC;4208203;42069165;Urbana;Estadual;60,4;24,5;94,5;30,9;66,1
Sul;SC;4208203;42073529;Urbana;Federal;68,8;35,9;100;25,1;60,6
Sul;SC;4208203;42101166;Urbana;Estadual;91,3;11,1;93,8;28,9;58,7
Sul;SC;4208203;42102685;Urbana;Estadual;63,6;39;87,5;28,4;50
Sul;SC;4208203;42110599;Urbana;Privada;99,5;4,1;93,3;31,3;80,7
Sul;SC;4208203;42143063;Urbana;Privada;98,9;4,2;96,7;31,7;64,7
Sul;SC;4208203;42152640;Urbana;Estadual;73,9;26,2;93,5;31,3;64,1
Sul;SC;4208203;42152658;Urbana;Estadual;92,5;7;88,2;27;55,9
Sul;SC;4208203;42152682;Urbana;Estadual;79,2;20,2;82,5;29,9;54
Sul;SC;4208203;42154030;Urbana;Privada;100;0;100;5;53,8
Sul;SC;4208203;42154510;Urbana;Privada;98,5;0,7;100;30;74,6
Sul;SC;4208203;42156351;Urbana;Privada;99,3;6;100;33,6;45
Sul;SC;4208203;42161410;Urbana;Privada;91,7;16,7;100;8;84,2
Sul;SC;4208302;42070732;Urbana;Estadual;75,1;25;93,2;29,4;75,6
Sul;SC;4208302;42070813;Urbana;Estadual;74,7;20,3;97,1;29,3;61,5
Sul;SC;4208302;42105447;Urbana;Privada;100;4,3;82,4;38,7;53,7
Sul;SC;4208302;42123372;Urbana;Privada;98,8;1,2;100;32,8;41,7
Sul;SC;4208302;42139350;Urbana;Privada;100;0;55,6;18;50
Sul;SC;4208302;42161398;Urbana;Privada;94,8;6,3;100;20;78,1
Sul;SC;4208401;42060702;Rural;Estadual;92,3;9,4;88,9;17,7;29,4
Sul;SC;4208401;42060729;Rural;Estadual;88,7;14,5;100;20,7;75
Sul;SC;4208401;42061083;Rural;Estadual;90,9;16;88,9;8,3;76,9
Sul;SC;4208401;42061130;Urbana;Estadual;93;16,1;97;28,7;43,1
Sul;SC;4208401;42061180;Urbana;Privada;100;0;100;18;67,5
Sul;SC;4208450;42021154;Urbana;Estadual;76,9;21;87,9;27,8;61,8
Sul;SC;4208450;42100712;Urbana;Privada;100;3,8;100;17,3;41,2
Sul;SC;4208500;42095379;Urbana;Estadual;95,3;18,9;86,7;15;56,3
Sul;SC;4208500;42095735;Urbana;Estadual;80,2;19,3;97,5;25,5;68,7
Sul;SC;4208500;42095743;Urbana;Privada;100;2,7;100;12,3;83,3
Sul;SC;4208500;42095760;Urbana;Estadual;79,8;21,1;90,5;20,5;61,2
Sul;SC;4208500;42095778;Urbana;Estadual;87,5;23,5;88,2;16,3;70,2
Sul;SC;4208500;42152968;Urbana;Privada;98,3;3,4;100;19,7;79,1
Sul;SC;4208609;42042780;Urbana;Estadual;91,1;9,3;92,9;13,5;75
Sul;SC;4208708;42077443;Urbana;Estadual;88;17,8;94,3;21,2;55,8
Sul;SC;4208807;42010284;Urbana;Estadual;63;29,2;95;28;83,7
Sul;SC;4208807;42010594;Urbana;Estadual;81,8;20,7;94,7;26,6;64,7
Sul;SC;4208906;42091268;Rural;Estadual;94,4;12,7;83,3;27,5;67,7
Sul;SC;4208906;42091276;Urbana;Estadual;88,5;18,4;96,2;25;62,6
Sul;SC;4208906;42091390;Urbana;Estadual;84,5;16,3;95,2;26,3;74,1
Sul;SC;4208906;42091403;Urbana;Privada;98,5;1,4;100;41,6;54,8
Sul;SC;4208906;42091411;Urbana;Estadual;93,1;11,2;94,4;30,3;72,6
Sul;SC;4208906;42091420;Urbana;Estadual;89,2;10,8;100;21,1;55,6
Sul;SC;4208906;42091462;Urbana;Privada;100;4,3;100;39;90,2
Sul;SC;4208906;42091470;Urbana;Estadual;84,8;13;95,7;25,9;61,8
Sul;SC;4208906;42091543;Urbana;Estadual;79,7;16,6;97,6;28,7;82,4
Sul;SC;4208906;42091551;Urbana;Estadual;88,8;30,8;96,7;23,4;66
Sul;SC;4208906;42091560;Urbana;Privada;98,4;1;100;38,4;58,9
Sul;SC;4208906;42091578;Urbana;Privada;96,3;0,7;94,4;27,8;71,4
Sul;SC;4208906;42091594;Urbana;Estadual;81,1;15;92,6;27,9;60,1
Sul;SC;4208906;42091659;Urbana;Estadual;82,2;21,6;81,3;25;45
Sul;SC;4208906;42091845;Urbana;Estadual;89,3;18,8;91,9;28,4;71,1
Sul;SC;4208906;42091853;Urbana;Estadual;87,1;13,2;95,5;32,3;72,1
Sul;SC;4208906;42091861;Urbana;Estadual;80,6;18,2;96,1;32,3;66,8
Sul;SC;4208906;42131073;Urbana;Estadual;81,8;16,1;95,2;31,9;85,7
Sul;SC;4208906;42131081;Urbana;Estadual;75,3;20,6;100;31,6;54,7
Sul;SC;4208906;42132258;Urbana;Federal;92,7;36,8;100;27,3;44,1
Sul;SC;4208906;42148200;Urbana;Privada;99,3;2,1;100;32,6;35,2
Sul;SC;4208906;42152038;Urbana;Privada;100;7,9;92,9;21;82,4
Sul;SC;4208955;42057841;Urbana;Estadual;92,1;18,9;93,3;12,3;64
Sul;SC;4209003;42041821;Urbana;Estadual;79,2;29,9;87,5;26,1;78,5
Sul;SC;4209003;42041864;Urbana;Privada;98,9;0;100;37,2;81,3
Sul;SC;4209003;42041880;Urbana;Estadual;85,1;10,8;100;25,4;63,4
Sul;SC;4209003;42041937;Urbana;Privada;97,4;2,5;100;26,3;76,3
Sul;SC;4209003;42067260;Urbana;Privada;97,2;5,6;84,6;12;64,7
Sul;SC;4209003;42116074;Urbana;Privada;99,1;6;100;38,7;78,8
Sul;SC;4209102;42020360;Urbana;Estadual;83,2;18,9;95;26,5;67
Sul;SC;4209102;42020387;Urbana;Estadual;74,3;25,3;95;19,4;77,9
Sul;SC;4209102;42020395;Urbana;Estadual;81,5;18,1;95,2;27,5;73,1
Sul;SC;4209102;42020425;Urbana;Estadual;83,2;23,5;93,9;28,8;66,2
Sul;SC;4209102;42020433;Urbana;Estadual;100;12,2;88,35;27,3;63,7
Sul;SC;4209102;42020441;Urbana;Estadual;72;27,2;96,2;27,1;73,5
Sul;SC;4209102;42020468;Urbana;Estadual;75,1;24,3;87,8;26,4;65
Sul;SC;4209102;42020484;Urbana;Estadual;78,4;37,2;92;24,8;59,4
Sul;SC;4209102;42020492;Urbana;Privada;97;1,4;100;35,4;60
Sul;SC;4209102;42020506;Urbana;Estadual;95;6,7;88,15;22,3;71,7
Sul;SC;4209102;42020514;Urbana;Estadual;91,7;11;96;24,5;74,7
Sul;SC;4209102;42020522;Urbana;Estadual;85;20,7;94,3;25,4;67,2
Sul;SC;4209102;42020530;Urbana;Privada;100;2,2;100;31,6;76,8
Sul;SC;4209102;42020549;Urbana;Privada;100;8,8;88,7;19;58,3
Sul;SC;4209102;42020557;Urbana;Privada;98,2;19,8;100;27,8;64,4
Sul;SC;4209102;42020565;Urbana;Privada;99,2;2,3;94,4;32,9;62,3
Sul;SC;4209102;42020581;Urbana;Estadual;84,1;23,1;98,5;29,7;90,2
Sul;SC;4209102;42020590;Urbana;Privada;90,3;5,6;100;32,4;81,6
Sul;SC;4209102;42020689;Urbana;Estadual;78;24,5;93,8;26,7;77,7
Sul;SC;4209102;42020719;Rural;Estadual;91,8;26,7;88;21;46,4
Sul;SC;4209102;42020786;Urbana;Estadual;78,7;20,1;92,2;27,9;71,3
Sul;SC;4209102;42020794;Urbana;Estadual;87,7;17,2;97,5;29,9;67
Sul;SC;4209102;42020808;Urbana;Estadual;77,1;27,6;94,9;26,8;73,7
Sul;SC;4209102;42020816;Urbana;Estadual;81,9;20,8;100;25,2;69,4
Sul;SC;4209102;42020824;Urbana;Estadual;93,4;11,4;91,3;26,4;47,5
Sul;SC;4209102;42020832;Urbana;Estadual;93,3;10,2;94,3;30,6;51,6
Sul;SC;4209102;42021081;Urbana;Estadual;89,1;15,2;100;27,9;65,9
Sul;SC;4209102;42021090;Urbana;Estadual;81,1;24,3;100;19,4;57,7
Sul;SC;4209102;42021103;Rural;Estadual;88,6;16,3;100;22,9;70,3
Sul;SC;4209102;42021421;Urbana;Estadual;89,8;31,2;96,3;29,3;61,7
Sul;SC;4209102;42021430;Urbana;Estadual;77,8;26,6;90,3;23,6;67,7
Sul;SC;4209102;42021448;Urbana;Estadual;93;17,5;86,5;24,9;63,4
Sul;SC;4209102;42055253;Urbana;Privada;100;7,7;100;19,5;76,9
Sul;SC;4209102;42070880;Urbana;Privada;98,6;5,6;100;24;95,1
Sul;SC;4209102;42073790;Urbana;Privada;98,6;4,3;100;23,3;78,9
Sul;SC;4209102;42101875;Urbana;Estadual;99,5;26,9;88,2;24;59,2
Sul;SC;4209102;42109167;Urbana;Estadual;88,9;28,1;100;16;60
Sul;SC;4209102;42109213;Urbana;Estadual;68,5;29,5;96,7;29;65,7
Sul;SC;4209102;42112141;Urbana;Privada;99,4;3,9;92;33,2;52,6
Sul;SC;4209102;42121191;Urbana;Privada;97,7;1,5;100;51,8;46,7
Sul;SC;4209102;42133394;Urbana;Estadual;74,5;27,8;96,3;31,2;70,3
Sul;SC;4209102;42141990;Urbana;Estadual;75,1;29,5;97,55;28,8;69,8
Sul;SC;4209102;42142008;Urbana;Privada;98,5;6,9;100;32,8;54,9
Sul;SC;4209102;42142822;Urbana;Privada;98,1;1,8;100;36,2;52,1
Sul;SC;4209102;42150027;Urbana;Federal;80,2;40,2;96,95;26,2;5,7
Sul;SC;4209102;42152704;Urbana;Estadual;81,1;22,3;95,2;34,6;80,9
Sul;SC;4209102;42152720;Urbana;Estadual;83,1;27,2;91;31,1;62,2
Sul;SC;4209102;42154251;Urbana;Estadual;88,6;0;93,8;18;58,3
Sul;SC;4209102;42156335;Urbana;Privada;98,4;3,7;95;36,2;45,8
Sul;SC;4209102;42156343;Urbana;Privada;99,5;4,2;100;31,4;31,4
Sul;SC;4209102;42280265;Urbana;Privada;98,8;7,2;87,95;23,9;66,7
Sul;SC;4209151;42024498;Urbana;Estadual;90,8;22,4;85;17,9;56,3
Sul;SC;4209151;42104866;Rural;Estadual;82,4;52,6;20;6,3;0
Sul;SC;4209151;42144205;Rural;Estadual;86,5;48,9;64,3;15,3;16,7
Sul;SC;4209177;42086272;Urbana;Estadual;79;10;92,9;16,7;91,7
Sul;SC;4209201;42047331;Urbana;Estadual;81,1;24,6;85;11,4;51,2
Sul;SC;4209300;42028485;Urbana;Estadual;72,2;34,4;90,9;12,9;78,6
Sul;SC;4209300;42028493;Urbana;Privada;97,4;2,9;100;40;59
Sul;SC;4209300;42028507;Urbana;Estadual;91,4;30;90,9;18;68,1
Sul;SC;4209300;42028523;Urbana;Estadual;88,3;20,7;100;20,7;49,3
Sul;SC;4209300;42028540;Urbana;Estadual;80;25,4;90,5;21;53,1
Sul;SC;4209300;42028981;Urbana;Estadual;86;25,3;97,2;24,3;69
Sul;SC;4209300;42028990;Urbana;Privada;96,1;2,2;100;36,8;64,5
Sul;SC;4209300;42029007;Urbana;Estadual;67,3;46,8;97;16,9;69,4
Sul;SC;4209300;42029465;Urbana;Estadual;73,5;30,3;96,6;29,3;63,6
Sul;SC;4209300;42029481;Urbana;Estadual;74,1;31,3;95;19,2;71,8
Sul;SC;4209300;42029627;Urbana;Estadual;88,3;34,4;81,3;15,3;70,8
Sul;SC;4209300;42029945;Urbana;Estadual;83;20,6;98;27,3;79,6
Sul;SC;4209300;42029953;Urbana;Estadual;73,6;24,6;92,2;29,4;74,8
Sul;SC;4209300;42029961;Urbana;Estadual;94,7;13,4;90,6;24,5;80,6
Sul;SC;4209300;42029988;Urbana;Estadual;79,3;28,9;97,4;21,8;68,2
Sul;SC;4209300;42030129;Urbana;Estadual;95,3;26,4;100;22,8;59,5
Sul;SC;4209300;42030447;Urbana;Estadual;70,5;40,4;93,9;21,4;67,1
Sul;SC;4209300;42030455;Urbana;Estadual;70,6;33,8;90,9;24,8;67,6
Sul;SC;4209300;42030463;Urbana;Estadual;75,9;36,7;94,6;22,7;76,1
Sul;SC;4209300;42030471;Urbana;Estadual;86,6;28;94,4;16,9;77,8
Sul;SC;4209300;42105773;Rural;Municipal;95,1;15,5;94,1;7;84
Sul;SC;4209300;42143390;Urbana;Privada;100;1,8;88,9;38;75,9
Sul;SC;4209300;42143969;Urbana;Privada;93;1,4;100;35,9;86,5
Sul;SC;4209300;42144671;Urbana;Estadual;88,5;24,7;62,5;14,2;82,2
Sul;SC;4209300;42152070;Urbana;Estadual;96,6;6,7;94,7;25;71,8
Sul;SC;4209409;42093473;Rural;Estadual;92,9;19,5;95,2;21,8;85,4
Sul;SC;4209409;42093490;Urbana;Estadual;82,4;23,9;93,3;19,5;91,5
Sul;SC;4209409;42093503;Rural;Estadual;93,6;8,7;92,9;15,3;80,6
Sul;SC;4209409;42093520;Urbana;Estadual;89;19,5;92,6;22,5;84,7
Sul;SC;4209409;42093716;Rural;Estadual;82,4;15,1;81,3;21,5;83,3
Sul;SC;4209409;42093872;Urbana;Privada;97,8;6,1;93,3;38;90,6
Sul;SC;4209409;42093899;Urbana;Estadual;76,2;42,9;95;24,5;64,5
Sul;SC;4209409;42093910;Urbana;Estadual;81,7;36,9;92,6;26,2;59,6
Sul;SC;4209409;42093937;Urbana;Privada;95,3;2,3;84,6;29;74,4
Sul;SC;4209458;42085250;Urbana;Estadual;97,8;21,7;93,3;15,3;45,1
Sul;SC;4209508;42026040;Urbana;Estadual;93,9;11,4;95,8;19,4;83,3
Sul;SC;4209607;42014670;Urbana;Estadual;85,3;26,5;88,9;17;55,7
Sul;SC;4209607;42014689;Urbana;Estadual;86,2;18,1;91,2;23,8;55
Sul;SC;4209706;42075491;Urbana;Estadual;56,7;33,3;85;12,6;34,1
Sul;SC;4209706;42075947;Urbana;Estadual;84,4;19,2;97,1;20,8;63,4
Sul;SC;4209706;42106575;Rural;Estadual;100;11,6;92,3;14,3;56,5
Sul;SC;4209805;42096847;Urbana;Estadual;93,8;10,7;94,7;21,3;66,1
Sul;SC;4209854;42048648;Urbana;Estadual;88,2;16,8;94,7;15,6;67,2
Sul;SC;4209904;42026660;Urbana;Estadual;84,6;24;93,3;26,5;61,6
Sul;SC;4210001;42070899;Urbana;Estadual;87,1;24,7;94,1;28,3;33,3
Sul;SC;4210001;42071135;Urbana;Estadual;82,1;20,3;92,6;26,4;54,9
Sul;SC;4210035;42041910;Urbana;Estadual;91,4;16,8;91,7;24,9;69,3
Sul;SC;4210035;42047692;Urbana;Federal;95,4;8,8;100;22,8;85,2
Sul;SC;4210050;42072310;Urbana;Estadual;98;9,8;72,7;17;35,3
Sul;SC;4210100;42014247;Urbana;Privada;98,5;0,7;92,3;45;87,5
Sul;SC;4210100;42038570;Urbana;Estadual;94,3;8,6;100;17,5;86,8
Sul;SC;4210100;42038898;Urbana;Estadual;80,3;19,7;96,8;22,3;63,3
Sul;SC;4210100;42038901;Urbana;Privada;100;2;100;16,3;100
Sul;SC;4210100;42038936;Urbana;Estadual;94,4;7,1;96,7;26;48,8
Sul;SC;4210100;42038944;Urbana;Estadual;80,3;25,5;100;21,9;66,4
Sul;SC;4210100;42039452;Urbana;Estadual;82,3;16,8;93,9;26,8;64,3
Sul;SC;4210100;42039460;Urbana;Estadual;70;23,5;100;21,3;52,4
Sul;SC;4210100;42039479;Urbana;Estadual;88,3;8,7;100;21,2;64,4
Sul;SC;4210209;42082382;Rural;Estadual;96,3;21,2;53,3;13;35,5
Sul;SC;4210209;42082390;Urbana;Estadual;97,1;11,8;64,3;17;45,2
Sul;SC;4210308;42090148;Urbana;Estadual;84,8;21,2;94,7;19,5;58,1
Sul;SC;4210407;42076978;Urbana;Estadual;85,7;18,1;91,3;22,1;52
Sul;SC;4210506;42061300;Urbana;Estadual;80,9;19;93,8;23,4;51,6
Sul;SC;4210506;42061350;Urbana;Estadual;91;20;100;20;73,3
Sul;SC;4210506;42061857;Urbana;Estadual;80,3;25,3;100;21,6;84,2
Sul;SC;4210506;42118255;Urbana;Privada;100;6,3;100;8;73,9
Sul;SC;4210555;42085241;Urbana;Estadual;100;13;92,9;15,3;41,7
Sul;SC;4210605;42092337;Rural;Estadual;94,4;9,5;85,7;24,7;44,4
Sul;SC;4210605;42092353;Rural;Estadual;91;10,4;100;22,3;75
Sul;SC;4210605;42092663;Urbana;Estadual;88,6;13,9;82,6;34,3;57
Sul;SC;4210704;42073065;Urbana;Estadual;82,7;22,2;81,3;16,5;52,8
Sul;SC;4210803;42079250;Urbana;Estadual;92,7;19,1;97,2;17,1;58,3
Sul;SC;4210852;42025419;Urbana;Estadual;92,1;11,2;86,7;22,3;45,8
Sul;SC;4210902;42056853;Urbana;Estadual;96,7;14,1;93,3;15;56,3
Sul;SC;4211009;42065577;Urbana;Estadual;92,1;10;95,5;25,5;67,8
Sul;SC;4211058;42045533;Urbana;Estadual;73,8;22,4;87,1;23,6;61,5
Sul;SC;4211108;42041082;Urbana;Estadual;88,1;15;83,3;13,3;66,7
Sul;SC;4211108;42041350;Urbana;Estadual;84,1;20,7;90;26,4;76,3
Sul;SC;4211207;42014956;Urbana;Estadual;83,3;20,1;94,7;25,1;57
Sul;SC;4211207;42014964;Urbana;Estadual;67,1;24,1;94,4;21,8;59,7
Sul;SC;4211256;42078946;Urbana;Estadual;90,7;12,5;81,3;16;75
Sul;SC;4211306;42069432;Urbana;Privada;99,1;1,7;90;40;63,9
Sul;SC;4211306;42069491;Urbana;Estadual;79,2;26,4;94,1;29,1;59,9
Sul;SC;4211306;42069505;Urbana;Estadual;80,8;31,8;84,2;17,8;57,1
Sul;SC;4211306;42069580;Urbana;Estadual;71;22,1;90,6;28,3;57,7
Sul;SC;4211306;42069602;Urbana;Estadual;85,4;18,2;100;25,1;64,8
Sul;SC;4211306;42069610;Urbana;Estadual;78;21,1;91,9;31,6;47,3
Sul;SC;4211306;42107083;Urbana;Privada;97,5;1,3;100;26;75
Sul;SC;4211306;42142148;Urbana;Privada;100;0;94,4;27,8;58,1
Sul;SC;4211306;42152666;Urbana;Estadual;85,3;16,3;85,7;36,8;38,7
Sul;SC;4211405;42056470;Urbana;Estadual;77,2;16;94,1;20,8;64,3
Sul;SC;4211454;42053870;Urbana;Estadual;89,3;12,9;86,7;20,7;78,6
Sul;SC;4211504;42083060;Urbana;Estadual;89,8;10,7;96,8;31,8;80,8
Sul;SC;4211603;42013755;Urbana;Estadual;91,7;15,7;93,8;17,5;57,9
Sul;SC;4211603;42013763;Urbana;Estadual;91,8;15,3;100;22,4;64,2
Sul;SC;4211603;42013771;Urbana;Estadual;92,1;15,9;100;18,9;50
Sul;SC;4211652;42059704;Urbana;Estadual;91,4;13,7;94,1;19,9;70,2
Sul;SC;4211702;42007437;Urbana;Privada;100;0;92,3;18,7;65,6
Sul;SC;4211702;42007984;Urbana;Estadual;82,9;20,9;90,4;23,3;52,3
Sul;SC;4211702;42140188;Urbana;Privada;100;0;80;17;63,6
Sul;SC;4211751;42031060;Urbana;Estadual;84,2;21,2;92,1;20,6;56,4
Sul;SC;4211751;42031079;Urbana;Estadual;69,4;27;92,3;12,3;56,3
Sul;SC;4211751;42031087;Urbana;Estadual;85,7;14,2;89,7;16,8;83,8
Sul;SC;4211801;42047358;Rural;Estadual;90;12,1;100;11;83,3
Sul;SC;4211801;42047668;Urbana;Estadual;88,6;20,9;95,7;15,7;67,3
Sul;SC;4211850;42086680;Urbana;Estadual;78,6;15,1;90,9;24,3;66,7
Sul;SC;4211876;42051444;Urbana;Estadual;98,3;13,3;91,7;20;75
Sul;SC;4211892;42030102;Urbana;Estadual;96,6;15,5;92,3;9,7;69,4
Sul;SC;4211900;42004039;Urbana;Estadual;78,7;35,1;100;24,1;69,4
Sul;SC;4211900;42004047;Urbana;Estadual;61,8;49,9;97,6;25,1;72,6
Sul;SC;4211900;42004209;Urbana;Estadual;62,9;48,6;97,8;28,1;66,9
Sul;SC;4211900;42004217;Urbana;Estadual;73;34,5;100;27,3;76,4
Sul;SC;4211900;42004225;Urbana;Estadual;76,4;37,1;100;26,3;58,3
Sul;SC;4211900;42004330;Urbana;Estadual;74,5;30,9;92;27;72,7
Sul;SC;4211900;42004381;Urbana;Estadual;83,1;28,3;97,9;26,1;76
Sul;SC;4211900;42004500;Urbana;Estadual;74;31,2;99;27,2;68
Sul;SC;4211900;42004519;Urbana;Estadual;78,1;27,5;96,6;32,1;76,2
Sul;SC;4211900;42004535;Urbana;Estadual;79,9;29,2;96,4;26,8;62,3
Sul;SC;4211900;42066670;Urbana;Federal;75,8;39,3;100;32,8;6,9
Sul;SC;4211900;42073944;Urbana;Privada;99,1;1,8;94,7;27,8;65,2
Sul;SC;4211900;42116210;Urbana;Privada;96,7;4;100;25;80
Sul;SC;4211900;42123763;Urbana;Privada;100;2,3;50;14,7;45,5
Sul;SC;4211900;42129346;Rural;Estadual;57,1;76,2;28,6;10,5;0
Sul;SC;4211900;42130913;Urbana;Privada;98,3;6,9;76,9;19,3;71,4
Sul;SC;4211900;42136776;Urbana;Privada;95,7;4,2;90,9;31,7;50
Sul;SC;4211900;42141311;Urbana;Privada;93,5;0,9;100;21,6;88,2
Sul;SC;4211900;42149223;Urbana;Privada;55;25,6;100;43;83,3
Sul;SC;4211900;42154529;Urbana;Privada;95,8;3,5;100;36;83
Sul;SC;4211900;42156718;Urbana;Estadual;92,2;15,5;84;36,7;64,9
Sul;SC;4211900;42159571;Urbana;Privada;89,5;0;91,7;19;61,5
Sul;SC;4211900;42160073;Urbana;Privada;96,4;0;100;30;76,5
Sul;SC;4211900;42160715;Urbana;Privada;91;8,6;100;31;82,5
Sul;SC;4212007;42066824;Rural;Estadual;89,3;19,2;84,6;8,7;52
Sul;SC;4212007;42067111;Urbana;Estadual;75,4;12,2;90,9;21,8;44,7
Sul;SC;4212056;42031095;Urbana;Estadual;91,1;32,1;78,9;11,2;54,1
Sul;SC;4212106;42054699;Rural;Estadual;92,9;10,3;100;9,7;63,9
Sul;SC;4212106;42055237;Urbana;Estadual;85,8;19,7;87,5;18,5;56
Sul;SC;4212106;42055245;Urbana;Estadual;92,9;13;100;16,7;76,4
Sul;SC;4212106;42087392;Urbana;Privada;100;0;100;4;66,7
Sul;SC;4212205;42040590;Rural;Estadual;91,8;19,4;87,5;24;41,7
Sul;SC;4212205;42040930;Urbana;Estadual;85,8;16,4;95,6;24,2;58,7
Sul;SC;4212205;42040949;Urbana;Estadual;87,3;25;95,5;27,2;43,9
Sul;SC;4212239;42060583;Urbana;Estadual;90,9;16;100;16,7;60,5
Sul;SC;4212254;42079390;Urbana;Estadual;84,8;22,7;92,3;24,7;80,8
Sul;SC;4212270;42087724;Urbana;Estadual;77,3;30,8;100;14,8;56,6
Sul;SC;4212304;42005990;Urbana;Estadual;75,8;36;95,2;27,8;53,2
Sul;SC;4212403;42009626;Urbana;Estadual;80,2;25,4;100;25,2;62
Sul;SC;4212502;42069688;Urbana;Estadual;78,3;21,8;93,8;26;67,4
Sul;SC;4212502;42069696;Urbana;Estadual;88,6;20,4;95,5;30,3;60,1
Sul;SC;4212502;42069700;Urbana;Estadual;84,5;18,3;95,5;26,9;67,9
Sul;SC;4212502;42069807;Urbana;Estadual;67,6;25,3;94,1;24,9;63,5
Sul;SC;4212601;42049725;Urbana;Estadual;92,4;13,8;88,9;15,7;59,1
Sul;SC;4212650;42093481;Rural;Estadual;91,1;27,2;91,7;15,6;75,3
Sul;SC;4212650;42093538;Rural;Estadual;85,4;19,6;95,2;21,9;55,8
Sul;SC;4212700;42096057;Urbana;Estadual;94,7;19,5;75;13,7;44,3
Sul;SC;4212700;42096260;Urbana;Estadual;87,1;18,9;78,6;17,9;38,8
Sul;SC;4212809;42071151;Urbana;Privada;97;5,8;88,9;25,8;53,2
Sul;SC;4212809;42071321;Urbana;Estadual;73,3;22,5;97,6;28,3;70,3
Sul;SC;4212809;42114063;Urbana;Privada;93,1;1,4;66,7;24;58,1
Sul;SC;4212908;42056756;Urbana;Estadual;86,2;20,8;93,8;25;77,5
Sul;SC;4212908;42056764;Urbana;Estadual;84,6;20;94,7;20;46,3
Sul;SC;4212908;42142750;Urbana;Privada;94,5;3,6;90;18,3;76,3
Sul;SC;4213005;42074312;Urbana;Estadual;79,8;22,6;84,2;20,7;44
Sul;SC;4213104;42051371;Urbana;Estadual;94,3;8,3;95,8;21,3;55,3
Sul;SC;4213153;42054281;Urbana;Estadual;82,4;12,2;78,9;15;73,6
Sul;SC;4213203;42016274;Urbana;Privada;100;4;83,3;8,3;64,3
Sul;SC;4213203;42016290;Urbana;Estadual;87,3;10,4;94,4;27,2;55,3
Sul;SC;4213203;42016410;Urbana;Privada;100;2,1;100;32;74,4
Sul;SC;4213203;42016444;Urbana;Estadual;82,4;17;85,7;24,5;66,2
Sul;SC;4213203;42141770;Urbana;Estadual;93,9;18,2;90,5;28,3;48,3
Sul;SC;4213302;42038057;Urbana;Estadual;89,1;17,1;78,6;21,5;59,7
Sul;SC;4213302;42038065;Urbana;Estadual;87,5;28;83,3;16,7;32,8
Sul;SC;4213351;42034949;Urbana;Estadual;88,2;14,9;80;16,8;57,1
Sul;SC;4213401;42087716;Urbana;Estadual;83,3;32,1;85,7;13,3;46,5
Sul;SC;4213401;42088160;Urbana;Estadual;80,6;23,2;82,6;21,9;65,4
Sul;SC;4213500;42070635;Urbana;Estadual;70;25,5;95,1;29,3;53,1
Sul;SC;4213500;42145481;Urbana;Privada;93,8;5,3;73,3;26,4;59,3
Sul;SC;4213609;42090580;Urbana;Estadual;78,3;19,8;96,1;24,1;75
Sul;SC;4213609;42090598;Urbana;Privada;96,2;5,1;100;26;76,9
Sul;SC;4213609;42090601;Urbana;Privada;98,6;1,4;100;24,2;62,9
Sul;SC;4213609;42090610;Urbana;Estadual;87,3;17,4;93,5;21,3;46,8
Sul;SC;4213609;42090628;Urbana;Estadual;71,5;32,1;100;17,8;76,4
Sul;SC;4213609;42090687;Urbana;Estadual;56,3;57,6;100;22;89,6
Sul;SC;4213609;42090695;Urbana;Estadual;77,9;17,3;94,4;18,8;61,1
Sul;SC;4213609;42090903;Urbana;Estadual;77,1;25,7;100;17,5;45,8
Sul;SC;4213609;42123640;Urbana;Privada;97,2;11,1;100;12;58,3
Sul;SC;4213708;42027560;Urbana;Estadual;97,9;4,2;76,9;16;39,6
Sul;SC;4213708;42027586;Urbana;Estadual;78,3;21,8;86,4;24,5;50,9
Sul;SC;4213708;42027896;Urbana;Estadual;80,5;22;94,1;23,4;42,8
Sul;SC;4213807;42080088;Urbana;Estadual;82,3;17,9;100;26,3;59,4
Sul;SC;4213906;42049253;Urbana;Estadual;91,7;10,2;83,3;19,7;41,7
Sul;SC;4214003;42025508;Rural;Estadual;97,1;16,7;100;12;55,6
Sul;SC;4214003;42025710;Urbana;Estadual;86,9;18,2;80,8;25,2;71,9
Sul;SC;4214003;42025729;Urbana;Estadual;89,2;22,3;90,5;22,4;62,5
Sul;SC;4214102;42026890;Urbana;Estadual;90,1;19,1;78,6;22,3;36,1
Sul;SC;4214151;42064619;Urbana;Estadual;97,6;12,3;93,8;24,4;50
Sul;SC;4214201;42058732;Urbana;Estadual;89;12,4;95,7;23,5;44,1
Sul;SC;4214300;42005795;Urbana;Estadual;90;15,3;88,2;19,6;75,7
Sul;SC;4214409;42072689;Urbana;Estadual;81,5;27,4;78,9;20,5;41
Sul;SC;4214508;42027438;Urbana;Estadual;88,2;13,8;92,3;21,8;58
Sul;SC;4214607;42026440;Urbana;Estadual;87,4;12,3;90,6;25,2;45,6
Sul;SC;4214706;42019095;Urbana;Estadual;75,8;15,3;80,6;29,6;52,3
Sul;SC;4214805;42022630;Urbana;Estadual;82,6;28,4;90,5;23,5;54,6
Sul;SC;4214805;42022770;Urbana;Estadual;89,5;23,9;94,1;23;88,2
Sul;SC;4214805;42022797;Urbana;Estadual;84;16,1;100;24,1;67,5
Sul;SC;4214805;42023122;Urbana;Estadual;76,8;24,3;96,4;24,3;55,8
Sul;SC;4214805;42023246;Urbana;Estadual;69,9;19,5;81,4;26,1;61,8
Sul;SC;4214805;42023254;Urbana;Privada;92,7;6,4;94,7;41,7;83,7
Sul;SC;4214805;42023262;Urbana;Privada;100;2,6;93,3;29,3;63
Sul;SC;4214805;42023270;Urbana;Privada;99,4;0,6;100;32,4;86
Sul;SC;4214805;42023297;Urbana;Estadual;59,2;29,2;94,4;27,1;57,1
Sul;SC;4214805;42023300;Urbana;Estadual;83,7;21,9;91,3;20,9;38,1
Sul;SC;4214805;42131162;Rural;Federal;94;17,6;100;27,3;96,3
Sul;SC;4214805;42133920;Urbana;Privada;95,8;4;100;25,2;76,9
Sul;SC;4214805;42140668;Urbana;Privada;99,5;0,5;93,1;73,7;78,8
Sul;SC;4214904;42010055;Urbana;Estadual;91,8;17,3;94,7;21,4;53
Sul;SC;4215000;42098629;Urbana;Estadual;79;12,7;95,2;26,4;78,5
Sul;SC;4215000;42098637;Urbana;Estadual;74,4;17,2;93,5;28,8;66,2
Sul;SC;4215000;42098661;Urbana;Estadual;90,4;18,5;86,7;20,7;80,6
Sul;SC;4215000;42195608;Urbana;Privada;98,2;0;100;18,7;84,6
Sul;SC;4215059;42036364;Urbana;Estadual;87,8;29,1;81,8;19,8;58,3
Sul;SC;4215075;42065593;Urbana;Estadual;93,5;12,4;76,5;15,5;51,1
Sul;SC;4215109;42018153;Urbana;Estadual;83,9;14,6;82,9;23,2;47,5
Sul;SC;4215208;42062578;Urbana;Estadual;89,4;21,1;100;20,3;40,5
Sul;SC;4215307;42027071;Urbana;Estadual;85,1;11,5;86,2;21,1;49,2
Sul;SC;4215356;42066743;Urbana;Estadual;88;19,5;82,4;13,7;53,9
Sul;SC;4215406;42073448;Urbana;Estadual;98,7;36,1;100;18;46,7
Sul;SC;4215455;42010160;Urbana;Estadual;78;24,2;91,3;23,6;78,6
Sul;SC;4215455;42010179;Urbana;Estadual;81,4;18,5;95,7;28,6;70,7
Sul;SC;4215455;42010390;Urbana;Estadual;71,7;39,6;100;19,2;100
Sul;SC;4215505;42074347;Urbana;Estadual;77,9;19;81;29;45,2
Sul;SC;4215505;42074835;Urbana;Estadual;81,4;15,9;88,2;25,5;53,3
Sul;SC;4215554;42067820;Urbana;Estadual;96,8;5,3;100;19;76,9
Sul;SC;4215604;42009650;Urbana;Estadual;95,3;9;91,7;11,2;52,4
Sul;SC;4215653;42078415;Urbana;Estadual;89,6;21,6;89,7;23,1;47,8
Sul;SC;4215653;42131154;Rural;Federal;92,3;17;100;29,8;100
Sul;SC;4215679;42039576;Urbana;Estadual;90,8;11,8;88,2;21,2;58,3
Sul;SC;4215679;42274265;Rural;Estadual;86,5;16,3;85,7;26,7;71,4
Sul;SC;4215687;42066735;Urbana;Estadual;86,2;21,1;100;15,6;82,1
Sul;SC;4215695;42058759;Urbana;Estadual;95,1;15;83,3;13,3;75
Sul;SC;4215703;42006163;Urbana;Estadual;96,6;15,7;92,3;22,7;86,4
Sul;SC;4215703;42006171;Rural;Estadual;96,7;15,4;92,3;19,5;60,3
Sul;SC;4215703;42006180;Urbana;Estadual;84,4;23,3;86,5;23,9;68
Sul;SC;4215703;42116040;Urbana;Privada;100;1,3;100;25,7;65,9
Sul;SC;4215752;42065798;Urbana;Estadual;91,5;5,3;100;19;75
Sul;SC;4215802;42097940;Urbana;Estadual;78,9;20,8;91,3;25,8;45,6
Sul;SC;4215802;42097959;Urbana;Estadual;64,4;28,3;90,5;29,3;66,4
Sul;SC;4215802;42098246;Urbana;Estadual;78,1;19,8;95,7;27,8;67,7
Sul;SC;4215802;42098254;Urbana;Estadual;83,1;13,3;93,3;27,6;78,1
Sul;SC;4215802;42098289;Urbana;Privada;98,8;1,2;100;28,3;80
Sul;SC;4215802;42116201;Urbana;Privada;100;0;100;28,7;71,4
Sul;SC;4215802;42118670;Urbana;Privada;98,7;1,3;100;26,3;80
Sul;SC;4215802;42134323;Urbana;Privada;100;0;90,9;11;75
Sul;SC;4215802;42152615;Urbana;Federal;86,7;9,4;97,1;33,2;76,1
Sul;SC;4215802;42154316;Urbana;Estadual;98,2;1,3;100;32,3;90,1
Sul;SC;4215802;42177804;Urbana;Privada;96,2;0;100;17;89,5
Sul;SC;4215901;42005132;Urbana;Estadual;99,1;10,6;93,8;18,8;61,1
Sul;SC;4216008;42056322;Urbana;Estadual;81,1;20,7;91,3;23,1;67,5
Sul;SC;4216008;42152119;Urbana;Federal;87,9;9,7;100;20,7;69,8
Sul;SC;4216057;42035783;Urbana;Estadual;82,5;25,8;80;18,3;49,1
Sul;SC;4216107;42086175;Urbana;Estadual;84,4;10,2;89,5;23,5;62
Sul;SC;4216206;42012856;Urbana;Privada;97,5;7,9;83,3;12,7;61,5
Sul;SC;4216206;42020867;Urbana;Federal;90,5;21,5;98,45;33,6;71,7
Sul;SC;4216206;42021723;Urbana;Estadual;82,4;26,6;66,7;19,8;45,2
Sul;SC;4216206;42021910;Urbana;Estadual;66,2;35,5;93,9;27,8;61,6
Sul;SC;4216206;42021952;Urbana;Estadual;62,3;44,3;88,9;27,4;58,6
Sul;SC;4216206;42021960;Urbana;Estadual;84,8;23,7;83,9;24,2;51,8
Sul;SC;4216206;42021979;Urbana;Privada;100;5,2;100;32;64,5
Sul;SC;4216206;42141931;Rural;Estadual;83,3;90,9;66,7;3,7;28,6
Sul;SC;4216206;42153379;Urbana;Privada;100;1,7;80;20;63,6
Sul;SC;4216206;42154715;Urbana;Privada;100;3,3;100;20,3;86,5
Sul;SC;4216255;42061105;Urbana;Estadual;95,8;11,8;93,3;24;71,4
Sul;SC;4216255;42061113;Rural;Estadual;87;11,4;95,2;14,7;72,2
Sul;SC;4216305;42081980;Rural;Estadual;90,7;11,1;81,8;15;73
Sul;SC;4216305;42082242;Urbana;Estadual;75,8;19,6;92,6;29,5;61,5
Sul;SC;4216354;42022258;Urbana;Estadual;75,6;23,9;94,7;25,7;64,5
Sul;SC;4216404;42079683;Urbana;Estadual;83,5;25,6;100;27,9;68,1
Sul;SC;4216503;42033675;Urbana;Estadual;86,5;22,5;92,85;24,6;66,5
Sul;SC;4216503;42033802;Urbana;Privada;100;0;91,7;16,7;71,4
Sul;SC;4216503;42034329;Urbana;Estadual;61,2;39,1;70;23,7;41,7
Sul;SC;4216503;42034337;Urbana;Estadual;79,3;40,9;92,3;17,6;45,5
Sul;SC;4216503;42109116;Urbana;Privada;96,1;2;63,6;17;40,5
Sul;SC;4216602;42003270;Urbana;Estadual;89,5;14,6;100;28,2;50
Sul;SC;4216602;42003300;Rural;Estadual;78,9;29;100;32,8;76,8
Sul;SC;4216602;42003512;Urbana;Estadual;75,3;34,1;96,3;22,8;76,9
Sul;SC;4216602;42003520;Urbana;Estadual;75,8;27,9;100;32,4;75,2
Sul;SC;4216602;42003555;Urbana;Privada;95,3;1,7;100;39;70,7
Sul;SC;4216602;42003571;Urbana;Privada;100;2,9;86,7;23,3;73,9
Sul;SC;4216602;42003725;Urbana;Estadual;83,3;30,8;100;23,3;55,3
Sul;SC;4216602;42003814;Urbana;Estadual;80,7;30,8;94,4;29,5;72
Sul;SC;4216602;42003830;Urbana;Estadual;87,1;32,3;91,7;30,2;62,8
Sul;SC;4216602;42003849;Urbana;Estadual;78,5;27;97,1;28,8;56,6
Sul;SC;4216602;42003881;Urbana;Estadual;77,3;28,8;98,1;29;79
Sul;SC;4216602;42003890;Urbana;Privada;98;9,7;93,3;34,3;68,2
Sul;SC;4216602;42003903;Urbana;Privada;97,7;1,4;100;39;79,4
Sul;SC;4216602;42102650;Urbana;Estadual;72,6;28;95,2;32,8;64
Sul;SC;4216602;42106184;Urbana;Federal;83,6;41;94,95;24,3;79,2
Sul;SC;4216602;42108764;Urbana;Privada;96,9;1,8;95,2;37,8;73,7
Sul;SC;4216602;42116643;Urbana;Privada;96,5;3,3;94,4;60;82,2
Sul;SC;4216602;42119529;Urbana;Privada;100;3,6;100;28;68
Sul;SC;4216602;42129257;Urbana;Estadual;80,7;23,3;94,5;28,2;70,8
Sul;SC;4216602;42134293;Urbana;Privada;79,3;34,4;100;29,1;86
Sul;SC;4216602;42134846;Urbana;Privada;95,6;3,1;90,3;47,2;62,2
Sul;SC;4216602;42135796;Urbana;Privada;97,9;3,1;94,4;32;81,8
Sul;SC;4216602;42144957;Urbana;Privada;100;2,7;100;37,7;100
Sul;SC;4216602;42153654;Urbana;Privada;98,8;1,2;87,2;54,3;60,5
Sul;SC;4216602;42156319;Urbana;Privada;96,9;5,7;100;37,1;31,9
Sul;SC;4216602;42159334;Urbana;Privada;100;15,8;91,7;9,5;64,3
Sul;SC;4216701;42064155;Rural;Estadual;97,1;5,9;100;11,3;83,3
Sul;SC;4216701;42064600;Urbana;Estadual;85,7;16,5;77,8;23,9;63,6
Sul;SC;4216800;42031613;Urbana;Estadual;88,9;30,5;94,7;21,1;60,6
Sul;SC;4216800;42031630;Rural;Estadual;79,1;33,8;88,2;16,3;75
Sul;SC;4216800;42032130;Rural;Estadual;98,7;15,1;96,15;23,2;95,8
Sul;SC;4216909;42059739;Urbana;Estadual;85,2;19,6;95,1;25,8;68,4
Sul;SC;4217006;42008174;Urbana;Estadual;84,8;16,2;90,4;25;59,1
Sul;SC;4217006;42123704;Urbana;Privada;98,8;0;87,5;28;73,9
Sul;SC;4217105;42094429;Urbana;Estadual;91,6;15,7;87,5;18,1;43,4
Sul;SC;4217154;42061318;Urbana;Estadual;97;13,4;94,7;11,2;62,5
Sul;SC;4217204;42011256;Urbana;Federal;86,2;7,7;100;34,7;100
Sul;SC;4217204;42059801;Urbana;Estadual;76,8;27,1;90,5;22,2;66,3
Sul;SC;4217204;42059828;Urbana;Estadual;89,7;9,4;93,3;10,7;55,1
Sul;SC;4217204;42060516;Urbana;Estadual;84,6;25,8;84,8;25,8;59,4
Sul;SC;4217204;42060524;Urbana;Privada;100;3,3;90,9;15;60
Sul;SC;4217204;42060532;Urbana;Privada;98,9;2,1;100;31,7;85,3
Sul;SC;4217204;42060559;Urbana;Estadual;96,9;7,7;92,3;18,6;50,4
Sul;SC;4217204;42060567;Urbana;Estadual;89,6;13,5;100;22,3;52,6
Sul;SC;4217204;42104610;Rural;Estadual;97,7;8,2;95,45;24,4;64,4
Sul;SC;4217204;42125731;Urbana;Estadual;93,5;6,3;100;18,3;60,7
Sul;SC;4217204;42156300;Urbana;Privada;100;1,7;100;29,8;82,9
Sul;SC;4217204;42161509;Urbana;Privada;100;6,3;100;16;80
Sul;SC;4217253;42003288;Urbana;Estadual;98,3;11,2;95,2;25,4;57
Sul;SC;4217303;42055717;Rural;Estadual;85,7;21,4;84,6;9,3;45,8
Sul;SC;4217303;42055954;Urbana;Estadual;87,3;11,4;84,8;21,2;59,4
Sul;SC;4217402;42093058;Urbana;Estadual;83,8;14,9;95,5;22,1;66
Sul;SC;4217402;42093082;Urbana;Estadual;92,9;13,4;90,6;28,2;67,3
Sul;SC;4217501;42050316;Rural;Estadual;96,4;7,1;78,6;9,3;56,3
Sul;SC;4217501;42050898;Urbana;Estadual;83,3;10,4;95,2;23,6;71,6
Sul;SC;4217501;42050901;Urbana;Estadual;94,3;16,8;84,6;16,8;48,1
Sul;SC;4217501;42050944;Urbana;Estadual;76,2;21,8;86,2;22,9;81,1
Sul;SC;4217550;42057213;Urbana;Estadual;88,9;22,4;92,9;12,7;91,7
Sul;SC;4217600;42012481;Urbana;Estadual;76,1;23;86,7;24,3;66,7
Sul;SC;4217600;42012813;Urbana;Privada;100;8,8;91,7;11,3;71,4
Sul;SC;4217709;42078393;Urbana;Estadual;94,7;14,4;100;24,8;65,8
Sul;SC;4217709;42078423;Urbana;Estadual;95,2;14;95,7;21,5;61,4
Sul;SC;4217709;42078873;Urbana;Privada;97,4;0;92,9;26;79,5
Sul;SC;4217709;42143330;Urbana;Estadual;79,2;26,5;94;23,4;75,3
Sul;SC;4217709;42151589;Urbana;Federal;93,4;13,2;100;34,4;98,1
Sul;SC;4217758;42057221;Urbana;Estadual;92,9;15,3;100;14,2;53,8
Sul;SC;4217808;42024897;Urbana;Estadual;92,4;11,6;92,3;23;50,4
Sul;SC;4217808;42025400;Urbana;Estadual;77,8;18,8;82,4;28,9;51,3
Sul;SC;4217907;42046122;Urbana;Estadual;87,7;16,6;81,5;19,9;57,1
Sul;SC;4217956;42061326;Urbana;Estadual;95;13,6;85,7;11,8;58,3
Sul;SC;4218004;42081181;Urbana;Estadual;74,8;29,6;91,3;27;60,9
Sul;SC;4218004;42081190;Rural;Estadual;75,3;21;81,8;20,3;53,3
Sul;SC;4218004;42081432;Urbana;Estadual;71;25,2;88,2;34,2;62,5
Sul;SC;4218004;42103770;Urbana;Privada;93,2;1,2;95;26,8;71,1
Sul;SC;4218004;42156297;Urbana;Privada;98,9;3,6;100;38,4;18,1
Sul;SC;4218004;42158818;Urbana;Privada;98;6,4;69,2;15,7;52,9
Sul;SC;4218103;42078210;Urbana;Estadual;90,5;14,1;88;27,2;57,4
Sul;SC;4218202;42018498;Urbana;Estadual;83,8;15,8;89,1;28,5;73,7
Sul;SC;4218202;42018650;Urbana;Estadual;81,6;16,1;83,3;29,8;63,5
Sul;SC;4218202;42144191;Urbana;Estadual;94,4;9,4;89,7;26,5;47,2
Sul;SC;4218202;42153603;Urbana;Privada;99;2,8;100;35,7;94,6
Sul;SC;4218251;42074851;Urbana;Estadual;86;10,6;85,4;22;45,2
Sul;SC;4218301;42089115;Urbana;Estadual;88,8;27,5;100;25,5;66,7
Sul;SC;4218301;42089255;Urbana;Estadual;86,1;27,8;96,3;25,2;65
Sul;SC;4218301;42089263;Urbana;Estadual;67,2;32,5;93,9;25,9;66,1
Sul;SC;4218350;42012490;Urbana;Estadual;84,7;16,4;94,1;24,3;50,8
Sul;SC;4218400;42009391;Urbana;Estadual;80,6;23,6;100;23,5;58,5
Sul;SC;4218509;42046955;Urbana;Estadual;79,3;27,7;77,3;23,5;31,4
Sul;SC;4218608;42024021;Urbana;Estadual;80,5;21,3;89,3;21,1;73,7
Sul;SC;4218707;42005728;Urbana;Privada;93,1;0;91,7;29;53,8
Sul;SC;4218707;42006562;Urbana;Estadual;90,7;11,7;91,3;25,6;71,8
Sul;SC;4218707;42006660;Urbana;Estadual;70,2;38,6;100;24,4;78,8
Sul;SC;4218707;42006694;Urbana;Privada;96,5;2,6;100;33,2;92,5
Sul;SC;4218707;42006708;Urbana;Privada;97,9;0;95;37,8;79,7
Sul;SC;4218707;42006716;Urbana;Estadual;93,8;8,8;87,35;23,9;78
Sul;SC;4218707;42006724;Urbana;Privada;94,4;5,3;100;25;66,7
Sul;SC;4218707;42007143;Urbana;Estadual;80,5;21,9;91,7;24,5;62,5
Sul;SC;4218707;42007151;Urbana;Estadual;82;19,7;95,8;23,1;71
Sul;SC;4218707;42007186;Rural;Estadual;77,2;16,9;88;21,1;66,3
Sul;SC;4218707;42007364;Urbana;Estadual;88,5;16,6;95,7;27,3;65
Sul;SC;4218707;42007399;Urbana;Estadual;81,6;24,3;90;24;55
Sul;SC;4218707;42142890;Urbana;Estadual;71,2;29,8;89,4;31,7;64,6
Sul;SC;4218707;42156289;Urbana;Privada;100;3,2;100;31;36
Sul;SC;4218756;42061121;Urbana;Estadual;85,7;20;90,5;21,7;88
Sul;SC;4218806;42077850;Urbana;Estadual;86,4;19,9;100;26,2;67,9
Sul;SC;4218855;42057868;Urbana;Estadual;89,6;14,1;86,7;26;62,2
Sul;SC;4218905;42036933;Urbana;Privada;100;0;90,9;15,3;47,2
Sul;SC;4218905;42036941;Urbana;Estadual;82,1;26,7;96,2;22,5;63,9
Sul;SC;4218905;42036950;Urbana;Estadual;78,7;37,3;85,7;19,7;66,7
Sul;SC;4218954;42033152;Urbana;Estadual;83,1;31,5;81,3;14,6;37
Sul;SC;4219002;42013933;Urbana;Estadual;85,9;22,6;93,1;22,4;58,6
Sul;SC;4219002;42014255;Urbana;Estadual;90,3;15,1;91,3;19,9;70,4
Sul;SC;4219002;42136490;Urbana;Privada;100;2,9;100;11,3;93,2
Sul;SC;4219101;42088291;Urbana;Estadual;71,6;12,1;93,8;24,8;56,3
Sul;SC;4219150;42045525;Urbana;Estadual;85,3;15,9;66,7;20,5;41,7
Sul;SC;4219176;42042720;Urbana;Estadual;97,2;13,9;81,8;12;83,3
Sul;SC;4219176;42042755;Urbana;Estadual;89,7;18,2;95,2;19,6;73
Sul;SC;4219200;42096804;Urbana;Estadual;90;14,9;93,1;18,3;58,6
Sul;SC;4219309;42073685;Urbana;Estadual;80,5;12,4;92,6;24,2;80,6
Sul;SC;4219309;42074142;Urbana;Estadual;54,9;34,2;93,3;27,8;58,1
Sul;SC;4219309;42074150;Urbana;Privada;96;1;100;33,7;50
Sul;SC;4219309;42074185;Urbana;Estadual;65,1;31;90,3;24,4;57
Sul;SC;4219309;42074193;Urbana;Estadual;79,2;25,5;95;16,3;58
Sul;SC;4219309;42121442;Urbana;Privada;100;1,1;100;17,8;74,5
Sul;SC;4219309;42331307;Urbana;Federal;90;13,9;100;29,6;74,5
Sul;SC;4219358;42024528;Urbana;Estadual;91,2;17,1;77,8;11,7;46,8
Sul;SC;4219358;42024536;Urbana;Estadual;88,3;18,9;94,1;15,9;53,3
Sul;SC;4219408;42025796;Urbana;Estadual;87,5;24,1;96,4;20,7;47,1
Sul;SC;4219507;42080096;Urbana;Federal;94,4;10;100;31,2;78,3
Sul;SC;4219507;42083265;Urbana;Estadual;69,9;31,6;100;21,7;92,3
Sul;SC;4219507;42083311;Urbana;Estadual;85,3;18,7;93,1;20,2;49,1
Sul;SC;4219507;42083915;Urbana;Privada;93,8;4,9;8,930,000,000,000,000;31,7;82,8
Sul;SC;4219507;42083923;Urbana;Estadual;83,5;12,8;100;19,5;55,6
Sul;SC;4219507;42084431;Urbana;Estadual;68,2;28,1;96;32,3;61
Sul;SC;4219507;42131545;Urbana;Privada;94,4;3,3;100;30,7;97
Sul;SC;4219507;42149002;Urbana;Privada;100;12,5;88,9;8;66,7
Sul;SC;4219606;42051770;Urbana;Estadual;89,4;11,7;72,2;20,6;52,4
Sul;SC;4219705;42085233;Urbana;Estadual;83,3;17,7;96,2;22,5;94,8
Sul;SC;4219705;42085497;Urbana;Estadual;70,8;25,5;89,5;18,6;78,6
Sul;SC;4219705;42085500;Urbana;Estadual;85,6;11,8;87;23,9;57,8
Sul;SC;4219705;42117569;Urbana;Privada;100;0;100;10,7;93,9
Sul;SC;4219853;42043808;Urbana;Estadual;88,2;21,2;91,7;19,7;55,2
Sul;SC;4220000;42013062;Urbana;Estadual;76,5;28,8;100;27,2;68,9
